-- MySQL dump 10.13  Distrib 8.0.33, for Linux (x86_64)
--
-- Host: localhost    Database: oneteam
-- ------------------------------------------------------
-- Server version	8.0.33-0ubuntu0.20.04.2

/*!40101 SET @OLD_CHARACTER_SET_CLIENT=@@CHARACTER_SET_CLIENT */;
/*!40101 SET @OLD_CHARACTER_SET_RESULTS=@@CHARACTER_SET_RESULTS */;
/*!40101 SET @OLD_COLLATION_CONNECTION=@@COLLATION_CONNECTION */;
/*!50503 SET NAMES utf8mb4 */;
/*!40103 SET @OLD_TIME_ZONE=@@TIME_ZONE */;
/*!40103 SET TIME_ZONE='+00:00' */;
/*!40014 SET @OLD_UNIQUE_CHECKS=@@UNIQUE_CHECKS, UNIQUE_CHECKS=0 */;
/*!40014 SET @OLD_FOREIGN_KEY_CHECKS=@@FOREIGN_KEY_CHECKS, FOREIGN_KEY_CHECKS=0 */;
/*!40101 SET @OLD_SQL_MODE=@@SQL_MODE, SQL_MODE='NO_AUTO_VALUE_ON_ZERO' */;
/*!40111 SET @OLD_SQL_NOTES=@@SQL_NOTES, SQL_NOTES=0 */;

--
-- Table structure for table `citizenship_divs`
--

DROP TABLE IF EXISTS `citizenship_divs`;
/*!40101 SET @saved_cs_client     = @@character_set_client */;
/*!50503 SET character_set_client = utf8mb4 */;
CREATE TABLE `citizenship_divs` (
  `id` bigint unsigned NOT NULL AUTO_INCREMENT,
  `country_id` varchar(255) COLLATE utf8mb4_unicode_ci DEFAULT NULL,
  `city_id` varchar(255) COLLATE utf8mb4_unicode_ci DEFAULT NULL,
  `div` longtext COLLATE utf8mb4_unicode_ci,
  `created_at` timestamp NULL DEFAULT NULL,
  `updated_at` timestamp NULL DEFAULT NULL,
  PRIMARY KEY (`id`)
) ENGINE=InnoDB DEFAULT CHARSET=utf8mb4 COLLATE=utf8mb4_unicode_ci;
/*!40101 SET character_set_client = @saved_cs_client */;

--
-- Dumping data for table `citizenship_divs`
--

LOCK TABLES `citizenship_divs` WRITE;
/*!40000 ALTER TABLE `citizenship_divs` DISABLE KEYS */;
/*!40000 ALTER TABLE `citizenship_divs` ENABLE KEYS */;
UNLOCK TABLES;

--
-- Table structure for table `company_selects`
--

DROP TABLE IF EXISTS `company_selects`;
/*!40101 SET @saved_cs_client     = @@character_set_client */;
/*!50503 SET character_set_client = utf8mb4 */;
CREATE TABLE `company_selects` (
  `id` bigint unsigned NOT NULL AUTO_INCREMENT,
  `name` varchar(255) COLLATE utf8mb4_unicode_ci DEFAULT NULL,
  `content` json DEFAULT NULL,
  `content_en` longtext COLLATE utf8mb4_unicode_ci,
  `content_tr` longtext COLLATE utf8mb4_unicode_ci,
  `status` json DEFAULT NULL,
  `created_at` timestamp NULL DEFAULT NULL,
  `updated_at` timestamp NULL DEFAULT NULL,
  PRIMARY KEY (`id`)
) ENGINE=InnoDB AUTO_INCREMENT=12 DEFAULT CHARSET=utf8mb4 COLLATE=utf8mb4_unicode_ci;
/*!40101 SET character_set_client = @saved_cs_client */;

--
-- Dumping data for table `company_selects`
--

LOCK TABLES `company_selects` WRITE;
/*!40000 ALTER TABLE `company_selects` DISABLE KEYS */;
INSERT INTO `company_selects` VALUES (2,'О проекте','\"<ul>\\r\\n<li dir=\\\"ltr\\\" aria-level=\\\"2\\\">\\r\\n<p dir=\\\"ltr\\\" role=\\\"presentation\\\">О проекте&nbsp;</p>\\r\\n</li>\\r\\n</ul>\\r\\n<p>&nbsp;</p>\"',NULL,NULL,'0','2023-07-06 10:52:40','2023-07-06 11:01:59'),(4,'История','\"<p><strong id=\\\"docs-internal-guid-feb7117b-7fff-9761-e0d4-a616995fe5a8\\\">История</strong></p>\"',NULL,NULL,'0','2023-07-06 11:24:53','2023-07-06 11:24:53'),(5,'Миссия','\"<p><strong id=\\\"docs-internal-guid-dcc66a18-7fff-b3e8-2c15-cd92b8af3b45\\\">Миссия</strong></p>\"',NULL,NULL,'0','2023-07-06 11:25:00','2023-07-06 11:25:00'),(6,'Команда','\"<p><strong id=\\\"docs-internal-guid-706bec3c-7fff-cc19-7d5c-6693233c02b2\\\">Команда</strong></p>\"',NULL,NULL,'0','2023-07-06 11:25:07','2023-07-06 11:25:07'),(7,'Отзывы','\"<p><strong id=\\\"docs-internal-guid-bbed0b42-7fff-e7b6-9b58-df8248f07281\\\">Отзывы</strong></p>\"',NULL,NULL,'0','2023-07-06 11:25:13','2023-07-06 11:25:13'),(8,'Партнерам','\"<p><strong id=\\\"docs-internal-guid-f371b270-7fff-fcff-c387-b1c9a5647406\\\">Партнерам</strong></p>\"',NULL,NULL,'0','2023-07-06 11:25:18','2023-07-06 11:25:18'),(9,'Пресса','\"<p><strong id=\\\"docs-internal-guid-db111ccb-7fff-12f6-553d-c305c9188bd1\\\">Пресса</strong></p>\"',NULL,NULL,'0','2023-07-06 11:25:24','2023-07-06 11:25:24'),(10,'Работа у нас','\"<p>Работа у нас</p>\"','\"<p>en<\\/p>\"','\"<p>tr<\\/p>\"','0','2023-07-06 11:25:45','2023-07-10 14:17:11');
/*!40000 ALTER TABLE `company_selects` ENABLE KEYS */;
UNLOCK TABLES;

--
-- Table structure for table `contacts`
--

DROP TABLE IF EXISTS `contacts`;
/*!40101 SET @saved_cs_client     = @@character_set_client */;
/*!50503 SET character_set_client = utf8mb4 */;
CREATE TABLE `contacts` (
  `id` bigint unsigned NOT NULL AUTO_INCREMENT,
  `header` varchar(255) CHARACTER SET utf8mb4 COLLATE utf8mb4_unicode_ci DEFAULT NULL,
  `content` json NOT NULL,
  `content_en` longtext COLLATE utf8mb4_unicode_ci,
  `content_tr` longtext COLLATE utf8mb4_unicode_ci,
  `created_at` timestamp NULL DEFAULT NULL,
  `updated_at` timestamp NULL DEFAULT NULL,
  PRIMARY KEY (`id`)
) ENGINE=InnoDB AUTO_INCREMENT=2 DEFAULT CHARSET=utf8mb4 COLLATE=utf8mb4_unicode_ci;
/*!40101 SET character_set_client = @saved_cs_client */;

--
-- Dumping data for table `contacts`
--

LOCK TABLES `contacts` WRITE;
/*!40000 ALTER TABLE `contacts` DISABLE KEYS */;
INSERT INTO `contacts` VALUES (1,NULL,'\"<p>contacts&nbsp;</p>\"','\"<p>en<\\/p>\"','\"<p>tr<\\/p>\\r\\n<p>&nbsp;<\\/p>\"','2023-07-06 08:09:36','2023-07-10 14:08:10');
/*!40000 ALTER TABLE `contacts` ENABLE KEYS */;
UNLOCK TABLES;

--
-- Table structure for table `country_and_cities`
--

DROP TABLE IF EXISTS `country_and_cities`;
/*!40101 SET @saved_cs_client     = @@character_set_client */;
/*!50503 SET character_set_client = utf8mb4 */;
CREATE TABLE `country_and_cities` (
  `id` bigint unsigned NOT NULL AUTO_INCREMENT,
  `metric_id` varchar(255) COLLATE utf8mb4_unicode_ci DEFAULT NULL,
  `name` varchar(255) CHARACTER SET utf8mb4 COLLATE utf8mb4_unicode_ci DEFAULT NULL,
  `name_en` varchar(255) CHARACTER SET utf8mb4 COLLATE utf8mb4_unicode_ci DEFAULT NULL,
  `name_tr` varchar(255) COLLATE utf8mb4_unicode_ci DEFAULT NULL,
  `parent_id` bigint unsigned DEFAULT NULL,
  `photo` varchar(255) COLLATE utf8mb4_unicode_ci DEFAULT NULL,
  `lat` varchar(255) COLLATE utf8mb4_unicode_ci DEFAULT NULL,
  `long` varchar(255) COLLATE utf8mb4_unicode_ci DEFAULT NULL,
  `div` longtext COLLATE utf8mb4_unicode_ci,
  `div_en` longtext COLLATE utf8mb4_unicode_ci,
  `div_tr` longtext COLLATE utf8mb4_unicode_ci,
  `status` varchar(255) COLLATE utf8mb4_unicode_ci DEFAULT NULL,
  `created_at` timestamp NULL DEFAULT NULL,
  `updated_at` timestamp NULL DEFAULT NULL,
  `name_de` varchar(255) COLLATE utf8mb4_unicode_ci DEFAULT NULL,
  `div_de` longtext COLLATE utf8mb4_unicode_ci,
  PRIMARY KEY (`id`),
  KEY `country_and_cities_parent_id_foreign` (`parent_id`),
  CONSTRAINT `country_and_cities_parent_id_foreign` FOREIGN KEY (`parent_id`) REFERENCES `country_and_cities` (`id`) ON DELETE CASCADE
) ENGINE=InnoDB AUTO_INCREMENT=42 DEFAULT CHARSET=utf8mb4 COLLATE=utf8mb4_unicode_ci;
/*!40101 SET character_set_client = @saved_cs_client */;

--
-- Dumping data for table `country_and_cities`
--

LOCK TABLES `country_and_cities` WRITE;
/*!40000 ALTER TABLE `country_and_cities` DISABLE KEYS */;
INSERT INTO `country_and_cities` VALUES (17,'1','Турция','Turkey','Türkiye',NULL,'1687112442.png','39.949097303703354','32.85853053948319','<section class=\"citizenship container\">\r\n<div class=\"citizenship__title title\">Гражданство</div>\r\n<div class=\"citizenship__subtitle\">Мы предлагаем готовые стратегии инвестирования в зарубежную недвижимость</div>\r\n<div class=\"citizenship__content\">\r\n<div class=\"citizenship__content-items\">\r\n<div class=\"citizenship__content-item\">\r\n<div class=\"citizenship__item-img citizenship__item-dollar\"><svg xmlns=\"http://www.w3.org/2000/svg\" xml:space=\"preserve\" width=\"79px\" height=\"51px\" version=\"1.1\" style=\"shape-rendering:geometricPrecision; text-rendering:geometricPrecision; image-rendering:optimizeQuality; fill-rule:evenodd; clip-rule:evenodd\"\r\n								viewBox=\"0 0 2.93 1.89\"\r\n								xmlns:xlink=\"http://www.w3.org/1999/xlink\">\r\n								<g id=\"Слой_x0020_1\">\r\n								<metadata id=\"CorelCorpID_0Corel-Layer\"/>\r\n								<polygon class=\"fil0 str0\" points=\"2.3,0.63 2.3,1.82 0.07,1.82 0.07,0.63 \"/>\r\n								<polyline class=\"fil0 str1\" points=\"0.3,0.41 2.53,0.41 2.53,1.52 \"/>\r\n								<polyline class=\"fil0 str1\" points=\"0.48,0.22 2.71,0.22 2.71,1.34 \"/>\r\n								<polyline class=\"fil0 str1\" points=\"0.67,0.04 2.9,0.04 2.9,1.15 \"/>\r\n								<g id=\"_2529166579488\">\r\n								<path class=\"fil0 str2\" d=\"M1.01 1.35l0 0.1 0.25 0c0.07,0 0.13,-0.05 0.13,-0.11 0,-0.06 -0.06,-0.11 -0.13,-0.11l-0.14 0c-0.08,0 -0.14,-0.05 -0.14,-0.12 0,-0.06 0.06,-0.11 0.14,-0.11l0.25 0 0 0.1\"/>\r\n								<line class=\"fil0 str2\" x1=\"1.2\" y1=\"1\" x2=\"1.2\" y2= \"0.82\" />\r\n								<line class=\"fil0 str2\" x1=\"1.2\" y1=\"1.63\" x2=\"1.2\" y2= \"1.45\" />\r\n								</g>\r\n								</g>\r\n							</svg> </div>\r\n<div class=\"citizenship__item-text\">\r\n<div class=\"citizenship__item-title\">400 000$</div>\r\n<div class=\"citizenship__item-subtitle\">Минимальные инвестиции</div>\r\n</div>\r\n</div>\r\n<div class=\"citizenship__content-item\">\r\n<div class=\"citizenship__item-img citizenship__item-limitation\"><svg xmlns=\"http://www.w3.org/2000/svg\" xml:space=\"preserve\" width=\"74px\" height=\"58px\" version=\"1.1\" style=\"shape-rendering:geometricPrecision; text-rendering:geometricPrecision; image-rendering:optimizeQuality; fill-rule:evenodd; clip-rule:evenodd\"\r\n								viewBox=\"0 0 2.96 2.32\"\r\n								xmlns:xlink=\"http://www.w3.org/1999/xlink\">\r\n								<g id=\"Слой_x0020_1\">\r\n								<metadata id=\"CorelCorpID_0Corel-Layer\"/>\r\n								<polygon class=\"fil0 str0\" points=\"2.48,0.64 2.48,2.24 0.08,2.24 0.08,0.64 \"/>\r\n								<polyline class=\"fil0 str1\" points=\"0.32,0.4 2.72,0.4 2.72,2 \"/>\r\n								<path class=\"fil0 str1\" d=\"M1.84 0.84l0 -0.84m-1.12 0.84l0 -0.84\"/>\r\n								<line class=\"fil0 str1\" x1=\"2\" y1=\"1.19\" x2=\"0.56\" y2= \"1.19\" />\r\n								<line class=\"fil0 str1\" x1=\"0.72\" y1=\"1.43\" x2=\"0.56\" y2= \"1.43\" />\r\n								<line class=\"fil0 str1\" x1=\"1.04\" y1=\"1.43\" x2=\"0.88\" y2= \"1.43\" />\r\n								<line class=\"fil0 str1\" x1=\"1.36\" y1=\"1.43\" x2=\"1.2\" y2= \"1.43\" />\r\n								<line class=\"fil0 str1\" x1=\"1.68\" y1=\"1.43\" x2=\"1.52\" y2= \"1.43\" />\r\n								<line class=\"fil0 str1\" x1=\"2\" y1=\"1.43\" x2=\"1.84\" y2= \"1.43\" />\r\n								<line class=\"fil0 str1\" x1=\"0.72\" y1=\"1.63\" x2=\"0.56\" y2= \"1.63\" />\r\n								<line class=\"fil0 str1\" x1=\"1.04\" y1=\"1.63\" x2=\"0.88\" y2= \"1.63\" />\r\n								<line class=\"fil0 str1\" x1=\"1.36\" y1=\"1.63\" x2=\"1.2\" y2= \"1.63\" />\r\n								<line class=\"fil0 str1\" x1=\"1.68\" y1=\"1.63\" x2=\"1.52\" y2= \"1.63\" />\r\n								<line class=\"fil0 str1\" x1=\"2\" y1=\"1.63\" x2=\"1.84\" y2= \"1.63\" />\r\n								<line class=\"fil0 str1\" x1=\"0.72\" y1=\"1.83\" x2=\"0.56\" y2= \"1.83\" />\r\n								<line class=\"fil0 str1\" x1=\"1.04\" y1=\"1.83\" x2=\"0.88\" y2= \"1.83\" />\r\n								<line class=\"fil0 str1\" x1=\"1.36\" y1=\"1.83\" x2=\"1.2\" y2= \"1.83\" />\r\n								<line class=\"fil0 str1\" x1=\"1.68\" y1=\"1.83\" x2=\"1.52\" y2= \"1.83\" />\r\n								<line class=\"fil0 str1\" x1=\"2\" y1=\"1.83\" x2=\"1.84\" y2= \"1.83\" />\r\n								<polyline class=\"fil0 str1\" points=\"0.52,0.2 2.92,0.2 2.92,1.8 \"/>\r\n								</g>\r\n							</svg></div>\r\n<div class=\"citizenship__item-text\">\r\n<div class=\"citizenship__item-title\">3-6 мес.</div>\r\n<div class=\"citizenship__item-subtitle\">Срок оформления</div>\r\n</div>\r\n</div>\r\n<div class=\"citizenship__content-item\">\r\n<div class=\"citizenship__item-img citizenship__item-return\"><svg xmlns=\"http://www.w3.org/2000/svg\" xml:space=\"preserve\" width=\"79px\" height=\"59px\" version=\"1.1\" style=\"shape-rendering:geometricPrecision; text-rendering:geometricPrecision; image-rendering:optimizeQuality; fill-rule:evenodd; clip-rule:evenodd\"\r\n								viewBox=\"0 0 4.79 3.61\"\r\n								xmlns:xlink=\"http://www.w3.org/1999/xlink\">\r\n								<g id=\"Слой_x0020_1\">\r\n								<metadata id=\"CorelCorpID_0Corel-Layer\"/>\r\n								<g id=\"_1267802140304\">\r\n								<path class=\"fil0 str0\" d=\"M1.7 2.21l0 0.16 0.41 0c0.12,0 0.22,-0.08 0.22,-0.18 0,-0.1 -0.1,-0.19 -0.22,-0.19l-0.24 0c-0.11,0 -0.21,-0.08 -0.21,-0.18 0,-0.1 0.1,-0.18 0.21,-0.18l0.42 0 0 0.16\"/>\r\n								<line class=\"fil0 str0\" x1=\"2.02\" y1=\"1.64\" x2=\"2.02\" y2= \"1.34\" />\r\n								<line class=\"fil0 str0\" x1=\"2.02\" y1=\"2.67\" x2=\"2.02\" y2= \"2.37\" />\r\n								</g>\r\n								<line class=\"fil0 str1\" x1=\"0.17\" y1=\"1.03\" x2=\"3.82\" y2= \"1.03\" />\r\n								<polyline class=\"fil0 str1\" points=\"0.72,0.49 0.17,1.03 0.72,1.58 \"/>\r\n								<line class=\"fil0 str1\" x1=\"3.82\" y1=\"2.98\" x2=\"0.17\" y2= \"2.98\" />\r\n								<polyline class=\"fil0 str1\" points=\"3.27,3.52 3.82,2.98 3.27,2.43 \"/>\r\n								<polyline class=\"fil0 str2\" points=\"0.96,0.67 4.12,0.67 4.12,2.49 \"/>\r\n								<polyline class=\"fil0 str2\" points=\"0.9,0.36 4.42,0.36 4.42,2.19 \"/>\r\n								<polyline class=\"fil0 str2\" points=\"1.08,0.06 4.73,0.06 4.73,1.88 \"/>\r\n								</g>\r\n							</svg></div>\r\n<div class=\"citizenship__item-text\">\r\n<div class=\"citizenship__item-title\">3 года</div>\r\n<div class=\"citizenship__item-subtitle\">Срок возврата инвестиций</div>\r\n</div>\r\n</div>\r\n</div>\r\n</div>\r\n<div class=\"citizenship__footer\">\r\n        <div class=\"citizenship__footer-button\">Узнать больше</div>\r\n    </div>\r\n</section>','<section class=\"citizenship container\">\r\n<div class=\"citizenship__title title\">Citizenship</div>\r\n<div class=\"citizenship__subtitle\">We offer ready-made strategies for investing in foreign real estate</div>\r\n<div class=\"citizenship__content\">\r\n<div class=\"citizenship__content-items\">\r\n<div class=\"citizenship__content-item\">\r\n<div class=\"citizenship__item-img citizenship__item-dollar\"><svg xmlns=\"http://www.w3.org/2000/svg\" xml:space=\"preserve\" width=\"79px\" height=\"51px\" version=\"1.1\" style=\"shape-rendering:geometricPrecision; text-rendering:geometricPrecision; image-rendering:optimizeQuality; fill-rule:evenodd; clip-rule:evenodd\"\r\n								viewBox=\"0 0 2.93 1.89\"\r\n								xmlns:xlink=\"http://www.w3.org/1999/xlink\">\r\n								<g id=\"Слой_x0020_1\">\r\n								<metadata id=\"CorelCorpID_0Corel-Layer\"/>\r\n								<polygon class=\"fil0 str0\" points=\"2.3,0.63 2.3,1.82 0.07,1.82 0.07,0.63 \"/>\r\n								<polyline class=\"fil0 str1\" points=\"0.3,0.41 2.53,0.41 2.53,1.52 \"/>\r\n								<polyline class=\"fil0 str1\" points=\"0.48,0.22 2.71,0.22 2.71,1.34 \"/>\r\n								<polyline class=\"fil0 str1\" points=\"0.67,0.04 2.9,0.04 2.9,1.15 \"/>\r\n								<g id=\"_2529166579488\">\r\n								<path class=\"fil0 str2\" d=\"M1.01 1.35l0 0.1 0.25 0c0.07,0 0.13,-0.05 0.13,-0.11 0,-0.06 -0.06,-0.11 -0.13,-0.11l-0.14 0c-0.08,0 -0.14,-0.05 -0.14,-0.12 0,-0.06 0.06,-0.11 0.14,-0.11l0.25 0 0 0.1\"/>\r\n								<line class=\"fil0 str2\" x1=\"1.2\" y1=\"1\" x2=\"1.2\" y2= \"0.82\" />\r\n								<line class=\"fil0 str2\" x1=\"1.2\" y1=\"1.63\" x2=\"1.2\" y2= \"1.45\" />\r\n								</g>\r\n								</g>\r\n							</svg> </div>\r\n<div class=\"citizenship__item-text\">\r\n<div class=\"citizenship__item-title\">400 000$</div>\r\n<div class=\"citizenship__item-subtitle\">Minimum investment</div>\r\n</div>\r\n</div>\r\n<div class=\"citizenship__content-item\">\r\n<div class=\"citizenship__item-img citizenship__item-limitation\"><svg xmlns=\"http://www.w3.org/2000/svg\" xml:space=\"preserve\" width=\"74px\" height=\"58px\" version=\"1.1\" style=\"shape-rendering:geometricPrecision; text-rendering:geometricPrecision; image-rendering:optimizeQuality; fill-rule:evenodd; clip-rule:evenodd\"\r\n								viewBox=\"0 0 2.96 2.32\"\r\n								xmlns:xlink=\"http://www.w3.org/1999/xlink\">\r\n								<g id=\"Слой_x0020_1\">\r\n								<metadata id=\"CorelCorpID_0Corel-Layer\"/>\r\n								<polygon class=\"fil0 str0\" points=\"2.48,0.64 2.48,2.24 0.08,2.24 0.08,0.64 \"/>\r\n								<polyline class=\"fil0 str1\" points=\"0.32,0.4 2.72,0.4 2.72,2 \"/>\r\n								<path class=\"fil0 str1\" d=\"M1.84 0.84l0 -0.84m-1.12 0.84l0 -0.84\"/>\r\n								<line class=\"fil0 str1\" x1=\"2\" y1=\"1.19\" x2=\"0.56\" y2= \"1.19\" />\r\n								<line class=\"fil0 str1\" x1=\"0.72\" y1=\"1.43\" x2=\"0.56\" y2= \"1.43\" />\r\n								<line class=\"fil0 str1\" x1=\"1.04\" y1=\"1.43\" x2=\"0.88\" y2= \"1.43\" />\r\n								<line class=\"fil0 str1\" x1=\"1.36\" y1=\"1.43\" x2=\"1.2\" y2= \"1.43\" />\r\n								<line class=\"fil0 str1\" x1=\"1.68\" y1=\"1.43\" x2=\"1.52\" y2= \"1.43\" />\r\n								<line class=\"fil0 str1\" x1=\"2\" y1=\"1.43\" x2=\"1.84\" y2= \"1.43\" />\r\n								<line class=\"fil0 str1\" x1=\"0.72\" y1=\"1.63\" x2=\"0.56\" y2= \"1.63\" />\r\n								<line class=\"fil0 str1\" x1=\"1.04\" y1=\"1.63\" x2=\"0.88\" y2= \"1.63\" />\r\n								<line class=\"fil0 str1\" x1=\"1.36\" y1=\"1.63\" x2=\"1.2\" y2= \"1.63\" />\r\n								<line class=\"fil0 str1\" x1=\"1.68\" y1=\"1.63\" x2=\"1.52\" y2= \"1.63\" />\r\n								<line class=\"fil0 str1\" x1=\"2\" y1=\"1.63\" x2=\"1.84\" y2= \"1.63\" />\r\n								<line class=\"fil0 str1\" x1=\"0.72\" y1=\"1.83\" x2=\"0.56\" y2= \"1.83\" />\r\n								<line class=\"fil0 str1\" x1=\"1.04\" y1=\"1.83\" x2=\"0.88\" y2= \"1.83\" />\r\n								<line class=\"fil0 str1\" x1=\"1.36\" y1=\"1.83\" x2=\"1.2\" y2= \"1.83\" />\r\n								<line class=\"fil0 str1\" x1=\"1.68\" y1=\"1.83\" x2=\"1.52\" y2= \"1.83\" />\r\n								<line class=\"fil0 str1\" x1=\"2\" y1=\"1.83\" x2=\"1.84\" y2= \"1.83\" />\r\n								<polyline class=\"fil0 str1\" points=\"0.52,0.2 2.92,0.2 2.92,1.8 \"/>\r\n								</g>\r\n							</svg></div>\r\n<div class=\"citizenship__item-text\">\r\n<div class=\"citizenship__item-title\">3-6 mon.</div>\r\n<div class=\"citizenship__item-subtitle\">Registration deadline</div>\r\n</div>\r\n</div>\r\n<div class=\"citizenship__content-item\">\r\n<div class=\"citizenship__item-img citizenship__item-return\"><svg xmlns=\"http://www.w3.org/2000/svg\" xml:space=\"preserve\" width=\"79px\" height=\"59px\" version=\"1.1\" style=\"shape-rendering:geometricPrecision; text-rendering:geometricPrecision; image-rendering:optimizeQuality; fill-rule:evenodd; clip-rule:evenodd\"\r\n								viewBox=\"0 0 4.79 3.61\"\r\n								xmlns:xlink=\"http://www.w3.org/1999/xlink\">\r\n								<g id=\"Слой_x0020_1\">\r\n								<metadata id=\"CorelCorpID_0Corel-Layer\"/>\r\n								<g id=\"_1267802140304\">\r\n								<path class=\"fil0 str0\" d=\"M1.7 2.21l0 0.16 0.41 0c0.12,0 0.22,-0.08 0.22,-0.18 0,-0.1 -0.1,-0.19 -0.22,-0.19l-0.24 0c-0.11,0 -0.21,-0.08 -0.21,-0.18 0,-0.1 0.1,-0.18 0.21,-0.18l0.42 0 0 0.16\"/>\r\n								<line class=\"fil0 str0\" x1=\"2.02\" y1=\"1.64\" x2=\"2.02\" y2= \"1.34\" />\r\n								<line class=\"fil0 str0\" x1=\"2.02\" y1=\"2.67\" x2=\"2.02\" y2= \"2.37\" />\r\n								</g>\r\n								<line class=\"fil0 str1\" x1=\"0.17\" y1=\"1.03\" x2=\"3.82\" y2= \"1.03\" />\r\n								<polyline class=\"fil0 str1\" points=\"0.72,0.49 0.17,1.03 0.72,1.58 \"/>\r\n								<line class=\"fil0 str1\" x1=\"3.82\" y1=\"2.98\" x2=\"0.17\" y2= \"2.98\" />\r\n								<polyline class=\"fil0 str1\" points=\"3.27,3.52 3.82,2.98 3.27,2.43 \"/>\r\n								<polyline class=\"fil0 str2\" points=\"0.96,0.67 4.12,0.67 4.12,2.49 \"/>\r\n								<polyline class=\"fil0 str2\" points=\"0.9,0.36 4.42,0.36 4.42,2.19 \"/>\r\n								<polyline class=\"fil0 str2\" points=\"1.08,0.06 4.73,0.06 4.73,1.88 \"/>\r\n								</g>\r\n							</svg></div>\r\n<div class=\"citizenship__item-text\">\r\n<div class=\"citizenship__item-title\">3 years</div>\r\n<div class=\"citizenship__item-subtitle\">Return on investment period</div>\r\n</div>\r\n</div>\r\n</div>\r\n</div>\r\n<div class=\"citizenship__footer\">\r\n<div class=\"citizenship__footer\">\r\n        <div class=\"citizenship__footer-button\">Learn more</div>\r\n    </div>\r\n</section>','<section class=\"citizenship container\">\r\n<div class=\"citizenship__title title\">Vatandaşlık</div>\r\n<div class=\"citizenship__subtitle\">Yabancı gayrimenkul yatırımlarına yönelik hazır stratejiler sunuyoruz</div>\r\n<div class=\"citizenship__content\">\r\n<div class=\"citizenship__content-items\">\r\n<div class=\"citizenship__content-item\">\r\n<div class=\"citizenship__item-img citizenship__item-dollar\"><svg xmlns=\"http://www.w3.org/2000/svg\" xml:space=\"preserve\" width=\"79px\" height=\"51px\" version=\"1.1\" style=\"shape-rendering:geometricPrecision; text-rendering:geometricPrecision; image-rendering:optimizeQuality; fill-rule:evenodd; clip-rule:evenodd\"\r\n								viewBox=\"0 0 2.93 1.89\"\r\n								xmlns:xlink=\"http://www.w3.org/1999/xlink\">\r\n								<g id=\"Слой_x0020_1\">\r\n								<metadata id=\"CorelCorpID_0Corel-Layer\"/>\r\n								<polygon class=\"fil0 str0\" points=\"2.3,0.63 2.3,1.82 0.07,1.82 0.07,0.63 \"/>\r\n								<polyline class=\"fil0 str1\" points=\"0.3,0.41 2.53,0.41 2.53,1.52 \"/>\r\n								<polyline class=\"fil0 str1\" points=\"0.48,0.22 2.71,0.22 2.71,1.34 \"/>\r\n								<polyline class=\"fil0 str1\" points=\"0.67,0.04 2.9,0.04 2.9,1.15 \"/>\r\n								<g id=\"_2529166579488\">\r\n								<path class=\"fil0 str2\" d=\"M1.01 1.35l0 0.1 0.25 0c0.07,0 0.13,-0.05 0.13,-0.11 0,-0.06 -0.06,-0.11 -0.13,-0.11l-0.14 0c-0.08,0 -0.14,-0.05 -0.14,-0.12 0,-0.06 0.06,-0.11 0.14,-0.11l0.25 0 0 0.1\"/>\r\n								<line class=\"fil0 str2\" x1=\"1.2\" y1=\"1\" x2=\"1.2\" y2= \"0.82\" />\r\n								<line class=\"fil0 str2\" x1=\"1.2\" y1=\"1.63\" x2=\"1.2\" y2= \"1.45\" />\r\n								</g>\r\n								</g>\r\n							</svg> </div>\r\n<div class=\"citizenship__item-text\">\r\n<div class=\"citizenship__item-title\">400 000$</div>\r\n<div class=\"citizenship__item-subtitle\">Asgari yatırım</div>\r\n</div>\r\n</div>\r\n<div class=\"citizenship__content-item\">\r\n<div class=\"citizenship__item-img citizenship__item-limitation\"><svg xmlns=\"http://www.w3.org/2000/svg\" xml:space=\"preserve\" width=\"74px\" height=\"58px\" version=\"1.1\" style=\"shape-rendering:geometricPrecision; text-rendering:geometricPrecision; image-rendering:optimizeQuality; fill-rule:evenodd; clip-rule:evenodd\"\r\n								viewBox=\"0 0 2.96 2.32\"\r\n								xmlns:xlink=\"http://www.w3.org/1999/xlink\">\r\n								<g id=\"Слой_x0020_1\">\r\n								<metadata id=\"CorelCorpID_0Corel-Layer\"/>\r\n								<polygon class=\"fil0 str0\" points=\"2.48,0.64 2.48,2.24 0.08,2.24 0.08,0.64 \"/>\r\n								<polyline class=\"fil0 str1\" points=\"0.32,0.4 2.72,0.4 2.72,2 \"/>\r\n								<path class=\"fil0 str1\" d=\"M1.84 0.84l0 -0.84m-1.12 0.84l0 -0.84\"/>\r\n								<line class=\"fil0 str1\" x1=\"2\" y1=\"1.19\" x2=\"0.56\" y2= \"1.19\" />\r\n								<line class=\"fil0 str1\" x1=\"0.72\" y1=\"1.43\" x2=\"0.56\" y2= \"1.43\" />\r\n								<line class=\"fil0 str1\" x1=\"1.04\" y1=\"1.43\" x2=\"0.88\" y2= \"1.43\" />\r\n								<line class=\"fil0 str1\" x1=\"1.36\" y1=\"1.43\" x2=\"1.2\" y2= \"1.43\" />\r\n								<line class=\"fil0 str1\" x1=\"1.68\" y1=\"1.43\" x2=\"1.52\" y2= \"1.43\" />\r\n								<line class=\"fil0 str1\" x1=\"2\" y1=\"1.43\" x2=\"1.84\" y2= \"1.43\" />\r\n								<line class=\"fil0 str1\" x1=\"0.72\" y1=\"1.63\" x2=\"0.56\" y2= \"1.63\" />\r\n								<line class=\"fil0 str1\" x1=\"1.04\" y1=\"1.63\" x2=\"0.88\" y2= \"1.63\" />\r\n								<line class=\"fil0 str1\" x1=\"1.36\" y1=\"1.63\" x2=\"1.2\" y2= \"1.63\" />\r\n								<line class=\"fil0 str1\" x1=\"1.68\" y1=\"1.63\" x2=\"1.52\" y2= \"1.63\" />\r\n								<line class=\"fil0 str1\" x1=\"2\" y1=\"1.63\" x2=\"1.84\" y2= \"1.63\" />\r\n								<line class=\"fil0 str1\" x1=\"0.72\" y1=\"1.83\" x2=\"0.56\" y2= \"1.83\" />\r\n								<line class=\"fil0 str1\" x1=\"1.04\" y1=\"1.83\" x2=\"0.88\" y2= \"1.83\" />\r\n								<line class=\"fil0 str1\" x1=\"1.36\" y1=\"1.83\" x2=\"1.2\" y2= \"1.83\" />\r\n								<line class=\"fil0 str1\" x1=\"1.68\" y1=\"1.83\" x2=\"1.52\" y2= \"1.83\" />\r\n								<line class=\"fil0 str1\" x1=\"2\" y1=\"1.83\" x2=\"1.84\" y2= \"1.83\" />\r\n								<polyline class=\"fil0 str1\" points=\"0.52,0.2 2.92,0.2 2.92,1.8 \"/>\r\n								</g>\r\n							</svg></div>\r\n<div class=\"citizenship__item-text\">\r\n<div class=\"citizenship__item-title\">3-6 ay</div>\r\n<div class=\"citizenship__item-subtitle\">Kayıt Dönemi</div>\r\n</div>\r\n</div>\r\n<div class=\"citizenship__content-item\">\r\n<div class=\"citizenship__item-img citizenship__item-return\"><svg xmlns=\"http://www.w3.org/2000/svg\" xml:space=\"preserve\" width=\"79px\" height=\"59px\" version=\"1.1\" style=\"shape-rendering:geometricPrecision; text-rendering:geometricPrecision; image-rendering:optimizeQuality; fill-rule:evenodd; clip-rule:evenodd\"\r\n								viewBox=\"0 0 4.79 3.61\"\r\n								xmlns:xlink=\"http://www.w3.org/1999/xlink\">\r\n								<g id=\"Слой_x0020_1\">\r\n								<metadata id=\"CorelCorpID_0Corel-Layer\"/>\r\n								<g id=\"_1267802140304\">\r\n								<path class=\"fil0 str0\" d=\"M1.7 2.21l0 0.16 0.41 0c0.12,0 0.22,-0.08 0.22,-0.18 0,-0.1 -0.1,-0.19 -0.22,-0.19l-0.24 0c-0.11,0 -0.21,-0.08 -0.21,-0.18 0,-0.1 0.1,-0.18 0.21,-0.18l0.42 0 0 0.16\"/>\r\n								<line class=\"fil0 str0\" x1=\"2.02\" y1=\"1.64\" x2=\"2.02\" y2= \"1.34\" />\r\n								<line class=\"fil0 str0\" x1=\"2.02\" y1=\"2.67\" x2=\"2.02\" y2= \"2.37\" />\r\n								</g>\r\n								<line class=\"fil0 str1\" x1=\"0.17\" y1=\"1.03\" x2=\"3.82\" y2= \"1.03\" />\r\n								<polyline class=\"fil0 str1\" points=\"0.72,0.49 0.17,1.03 0.72,1.58 \"/>\r\n								<line class=\"fil0 str1\" x1=\"3.82\" y1=\"2.98\" x2=\"0.17\" y2= \"2.98\" />\r\n								<polyline class=\"fil0 str1\" points=\"3.27,3.52 3.82,2.98 3.27,2.43 \"/>\r\n								<polyline class=\"fil0 str2\" points=\"0.96,0.67 4.12,0.67 4.12,2.49 \"/>\r\n								<polyline class=\"fil0 str2\" points=\"0.9,0.36 4.42,0.36 4.42,2.19 \"/>\r\n								<polyline class=\"fil0 str2\" points=\"1.08,0.06 4.73,0.06 4.73,1.88 \"/>\r\n								</g>\r\n							</svg></div>\r\n<div class=\"citizenship__item-text\">\r\n<div class=\"citizenship__item-title\">3 yıl</div>\r\n<div class=\"citizenship__item-subtitle\">Yatırım getirisi dönemi</div>\r\n</div>\r\n</div>\r\n</div>\r\n</div>\r\n<div class=\"citizenship__footer\">\r\n        <div class=\"citizenship__footer-button\">\r\n            Daha fazla öğrenmek için\r\n        </div>\r\n    </div>\r\n</section>',NULL,'2023-06-09 16:05:30','2023-09-22 19:36:21','Türkei','<section class=\"citizenship container\">\r\n<div class=\"citizenship__title title\">Nationalität tr</div>\r\n<div class=\"citizenship__subtitle\">Wir bieten fertige Strategien für Investitionen in ausländische Immobilien</div>\r\n<div class=\"citizenship__content\">\r\n<div class=\"citizenship__content-items\">\r\n<div class=\"citizenship__content-item\">\r\n<div class=\"citizenship__item-img citizenship__item-dollar\"><svg xmlns=\"http://www.w3.org/2000/svg\" xml:space=\"preserve\" width=\"79px\" height=\"51px\" version=\"1.1\" style=\"shape-rendering:geometricPrecision; text-rendering:geometricPrecision; image-rendering:optimizeQuality; fill-rule:evenodd; clip-rule:evenodd\"\r\n								viewBox=\"0 0 2.93 1.89\"\r\n								xmlns:xlink=\"http://www.w3.org/1999/xlink\">\r\n								<g id=\"Слой_x0020_1\">\r\n								<metadata id=\"CorelCorpID_0Corel-Layer\"/>\r\n								<polygon class=\"fil0 str0\" points=\"2.3,0.63 2.3,1.82 0.07,1.82 0.07,0.63 \"/>\r\n								<polyline class=\"fil0 str1\" points=\"0.3,0.41 2.53,0.41 2.53,1.52 \"/>\r\n								<polyline class=\"fil0 str1\" points=\"0.48,0.22 2.71,0.22 2.71,1.34 \"/>\r\n								<polyline class=\"fil0 str1\" points=\"0.67,0.04 2.9,0.04 2.9,1.15 \"/>\r\n								<g id=\"_2529166579488\">\r\n								<path class=\"fil0 str2\" d=\"M1.01 1.35l0 0.1 0.25 0c0.07,0 0.13,-0.05 0.13,-0.11 0,-0.06 -0.06,-0.11 -0.13,-0.11l-0.14 0c-0.08,0 -0.14,-0.05 -0.14,-0.12 0,-0.06 0.06,-0.11 0.14,-0.11l0.25 0 0 0.1\"/>\r\n								<line class=\"fil0 str2\" x1=\"1.2\" y1=\"1\" x2=\"1.2\" y2= \"0.82\" />\r\n								<line class=\"fil0 str2\" x1=\"1.2\" y1=\"1.63\" x2=\"1.2\" y2= \"1.45\" />\r\n								</g>\r\n								</g>\r\n							</svg> </div>\r\n<div class=\"citizenship__item-text\">\r\n<div class=\"citizenship__item-title\">400 000$</div>\r\n<div class=\"citizenship__item-subtitle\">Minimale Investition</div>\r\n</div>\r\n</div>\r\n<div class=\"citizenship__content-item\">\r\n<div class=\"citizenship__item-img citizenship__item-limitation\"><svg xmlns=\"http://www.w3.org/2000/svg\" xml:space=\"preserve\" width=\"74px\" height=\"58px\" version=\"1.1\" style=\"shape-rendering:geometricPrecision; text-rendering:geometricPrecision; image-rendering:optimizeQuality; fill-rule:evenodd; clip-rule:evenodd\"\r\n								viewBox=\"0 0 2.96 2.32\"\r\n								xmlns:xlink=\"http://www.w3.org/1999/xlink\">\r\n								<g id=\"Слой_x0020_1\">\r\n								<metadata id=\"CorelCorpID_0Corel-Layer\"/>\r\n								<polygon class=\"fil0 str0\" points=\"2.48,0.64 2.48,2.24 0.08,2.24 0.08,0.64 \"/>\r\n								<polyline class=\"fil0 str1\" points=\"0.32,0.4 2.72,0.4 2.72,2 \"/>\r\n								<path class=\"fil0 str1\" d=\"M1.84 0.84l0 -0.84m-1.12 0.84l0 -0.84\"/>\r\n								<line class=\"fil0 str1\" x1=\"2\" y1=\"1.19\" x2=\"0.56\" y2= \"1.19\" />\r\n								<line class=\"fil0 str1\" x1=\"0.72\" y1=\"1.43\" x2=\"0.56\" y2= \"1.43\" />\r\n								<line class=\"fil0 str1\" x1=\"1.04\" y1=\"1.43\" x2=\"0.88\" y2= \"1.43\" />\r\n								<line class=\"fil0 str1\" x1=\"1.36\" y1=\"1.43\" x2=\"1.2\" y2= \"1.43\" />\r\n								<line class=\"fil0 str1\" x1=\"1.68\" y1=\"1.43\" x2=\"1.52\" y2= \"1.43\" />\r\n								<line class=\"fil0 str1\" x1=\"2\" y1=\"1.43\" x2=\"1.84\" y2= \"1.43\" />\r\n								<line class=\"fil0 str1\" x1=\"0.72\" y1=\"1.63\" x2=\"0.56\" y2= \"1.63\" />\r\n								<line class=\"fil0 str1\" x1=\"1.04\" y1=\"1.63\" x2=\"0.88\" y2= \"1.63\" />\r\n								<line class=\"fil0 str1\" x1=\"1.36\" y1=\"1.63\" x2=\"1.2\" y2= \"1.63\" />\r\n								<line class=\"fil0 str1\" x1=\"1.68\" y1=\"1.63\" x2=\"1.52\" y2= \"1.63\" />\r\n								<line class=\"fil0 str1\" x1=\"2\" y1=\"1.63\" x2=\"1.84\" y2= \"1.63\" />\r\n								<line class=\"fil0 str1\" x1=\"0.72\" y1=\"1.83\" x2=\"0.56\" y2= \"1.83\" />\r\n								<line class=\"fil0 str1\" x1=\"1.04\" y1=\"1.83\" x2=\"0.88\" y2= \"1.83\" />\r\n								<line class=\"fil0 str1\" x1=\"1.36\" y1=\"1.83\" x2=\"1.2\" y2= \"1.83\" />\r\n								<line class=\"fil0 str1\" x1=\"1.68\" y1=\"1.83\" x2=\"1.52\" y2= \"1.83\" />\r\n								<line class=\"fil0 str1\" x1=\"2\" y1=\"1.83\" x2=\"1.84\" y2= \"1.83\" />\r\n								<polyline class=\"fil0 str1\" points=\"0.52,0.2 2.92,0.2 2.92,1.8 \"/>\r\n								</g>\r\n							</svg></div>\r\n<div class=\"citizenship__item-text\">\r\n<div class=\"citizenship__item-title\">3-6 monate</div>\r\n<div class=\"citizenship__item-subtitle\">Anmeldezeitraum</div>\r\n</div>\r\n</div>\r\n<div class=\"citizenship__content-item\">\r\n<div class=\"citizenship__item-img citizenship__item-return\"><svg xmlns=\"http://www.w3.org/2000/svg\" xml:space=\"preserve\" width=\"79px\" height=\"59px\" version=\"1.1\" style=\"shape-rendering:geometricPrecision; text-rendering:geometricPrecision; image-rendering:optimizeQuality; fill-rule:evenodd; clip-rule:evenodd\"\r\n								viewBox=\"0 0 4.79 3.61\"\r\n								xmlns:xlink=\"http://www.w3.org/1999/xlink\">\r\n								<g id=\"Слой_x0020_1\">\r\n								<metadata id=\"CorelCorpID_0Corel-Layer\"/>\r\n								<g id=\"_1267802140304\">\r\n								<path class=\"fil0 str0\" d=\"M1.7 2.21l0 0.16 0.41 0c0.12,0 0.22,-0.08 0.22,-0.18 0,-0.1 -0.1,-0.19 -0.22,-0.19l-0.24 0c-0.11,0 -0.21,-0.08 -0.21,-0.18 0,-0.1 0.1,-0.18 0.21,-0.18l0.42 0 0 0.16\"/>\r\n								<line class=\"fil0 str0\" x1=\"2.02\" y1=\"1.64\" x2=\"2.02\" y2= \"1.34\" />\r\n								<line class=\"fil0 str0\" x1=\"2.02\" y1=\"2.67\" x2=\"2.02\" y2= \"2.37\" />\r\n								</g>\r\n								<line class=\"fil0 str1\" x1=\"0.17\" y1=\"1.03\" x2=\"3.82\" y2= \"1.03\" />\r\n								<polyline class=\"fil0 str1\" points=\"0.72,0.49 0.17,1.03 0.72,1.58 \"/>\r\n								<line class=\"fil0 str1\" x1=\"3.82\" y1=\"2.98\" x2=\"0.17\" y2= \"2.98\" />\r\n								<polyline class=\"fil0 str1\" points=\"3.27,3.52 3.82,2.98 3.27,2.43 \"/>\r\n								<polyline class=\"fil0 str2\" points=\"0.96,0.67 4.12,0.67 4.12,2.49 \"/>\r\n								<polyline class=\"fil0 str2\" points=\"0.9,0.36 4.42,0.36 4.42,2.19 \"/>\r\n								<polyline class=\"fil0 str2\" points=\"1.08,0.06 4.73,0.06 4.73,1.88 \"/>\r\n								</g>\r\n							</svg></div>\r\n<div class=\"citizenship__item-text\">\r\n<div class=\"citizenship__item-title\">3 Jahre</div>\r\n<div class=\"citizenship__item-subtitle\">Return on Investment Zeitraum</div>\r\n</div>\r\n</div>\r\n</div>\r\n</div>\r\n<div class=\"citizenship__footer\">\r\n        <div class=\"citizenship__footer-button\">\r\n            Um mehr zu lernen\r\n        </div>\r\n    </div>\r\n</section>'),(30,NULL,'Анталия','Antalya','Antalya',17,'1687111662.png','36.90812','30.69556',NULL,NULL,NULL,NULL,'2023-06-18 14:07:42','2023-09-18 10:16:04','Antalya',NULL),(31,NULL,'Мухмутлар','Muhmutlar','Muhmutlar',17,'1687111857.png','41.01384','28.94966',NULL,NULL,NULL,NULL,'2023-06-18 14:10:57','2023-09-18 10:16:47','Mukhmutlar',NULL),(32,NULL,'Фетхие','Fethiye','Fethiye',17,'1687111944.png','36.62167','29.11639',NULL,NULL,NULL,NULL,'2023-06-18 14:12:24','2023-09-18 10:16:58','Fethiye',NULL),(33,NULL,'Алания','Alanya','Alanya',17,'1687112018.png','36.54375','31.99982',NULL,NULL,NULL,NULL,'2023-06-18 14:13:38','2023-09-18 10:16:23','Alanya',NULL),(34,NULL,'Кемер','Kemer','Kemer',17,'1687112070.png','36.59778','30.56056',NULL,NULL,NULL,NULL,'2023-06-18 14:14:30','2023-09-18 10:17:06','Kemer',NULL),(35,NULL,'Стамбул','İstanbul','İstanbul',17,'1687112141.png','41.01384','28.94966',NULL,NULL,NULL,NULL,'2023-06-18 14:15:41','2023-09-18 10:17:16','Istanbul',NULL),(36,NULL,'Бодрум','Bodrum','Bodrum',17,'1687112198.png','37.03833','27.42917',NULL,NULL,NULL,NULL,'2023-06-18 14:16:38','2023-09-18 10:17:25','Bodrum',NULL),(39,'1','Черногория','Montenegro','Karadağ',NULL,'1687112803.png','42.708678','19.37439','<section class=\"citizenship container\">\r\n<div class=\"citizenship__title title\">Гражданство</div>\r\n<div class=\"citizenship__subtitle\">Мы предлагаем готовые стратегии инвестирования в зарубежную недвижимость</div>\r\n<div class=\"citizenship__content\">\r\n<div class=\"citizenship__content-items\">\r\n<div class=\"citizenship__content-item\">\r\n<div class=\"citizenship__item-img citizenship__item-dollar\"><svg xmlns=\"http://www.w3.org/2000/svg\" xml:space=\"preserve\" width=\"79px\" height=\"51px\" version=\"1.1\" style=\"shape-rendering:geometricPrecision; text-rendering:geometricPrecision; image-rendering:optimizeQuality; fill-rule:evenodd; clip-rule:evenodd\"\r\n								viewBox=\"0 0 2.93 1.89\"\r\n								xmlns:xlink=\"http://www.w3.org/1999/xlink\">\r\n								<g id=\"Слой_x0020_1\">\r\n								<metadata id=\"CorelCorpID_0Corel-Layer\"/>\r\n								<polygon class=\"fil0 str0\" points=\"2.3,0.63 2.3,1.82 0.07,1.82 0.07,0.63 \"/>\r\n								<polyline class=\"fil0 str1\" points=\"0.3,0.41 2.53,0.41 2.53,1.52 \"/>\r\n								<polyline class=\"fil0 str1\" points=\"0.48,0.22 2.71,0.22 2.71,1.34 \"/>\r\n								<polyline class=\"fil0 str1\" points=\"0.67,0.04 2.9,0.04 2.9,1.15 \"/>\r\n								<g id=\"_2529166579488\">\r\n								<path class=\"fil0 str2\" d=\"M1.01 1.35l0 0.1 0.25 0c0.07,0 0.13,-0.05 0.13,-0.11 0,-0.06 -0.06,-0.11 -0.13,-0.11l-0.14 0c-0.08,0 -0.14,-0.05 -0.14,-0.12 0,-0.06 0.06,-0.11 0.14,-0.11l0.25 0 0 0.1\"/>\r\n								<line class=\"fil0 str2\" x1=\"1.2\" y1=\"1\" x2=\"1.2\" y2= \"0.82\" />\r\n								<line class=\"fil0 str2\" x1=\"1.2\" y1=\"1.63\" x2=\"1.2\" y2= \"1.45\" />\r\n								</g>\r\n								</g>\r\n							</svg> </div>\r\n<div class=\"citizenship__item-text\">\r\n<div class=\"citizenship__item-title\">400 000$</div>\r\n<div class=\"citizenship__item-subtitle\">Минимальные инвестиции</div>\r\n</div>\r\n</div>\r\n<div class=\"citizenship__content-item\">\r\n<div class=\"citizenship__item-img citizenship__item-limitation\"><svg xmlns=\"http://www.w3.org/2000/svg\" xml:space=\"preserve\" width=\"74px\" height=\"58px\" version=\"1.1\" style=\"shape-rendering:geometricPrecision; text-rendering:geometricPrecision; image-rendering:optimizeQuality; fill-rule:evenodd; clip-rule:evenodd\"\r\n								viewBox=\"0 0 2.96 2.32\"\r\n								xmlns:xlink=\"http://www.w3.org/1999/xlink\">\r\n								<g id=\"Слой_x0020_1\">\r\n								<metadata id=\"CorelCorpID_0Corel-Layer\"/>\r\n								<polygon class=\"fil0 str0\" points=\"2.48,0.64 2.48,2.24 0.08,2.24 0.08,0.64 \"/>\r\n								<polyline class=\"fil0 str1\" points=\"0.32,0.4 2.72,0.4 2.72,2 \"/>\r\n								<path class=\"fil0 str1\" d=\"M1.84 0.84l0 -0.84m-1.12 0.84l0 -0.84\"/>\r\n								<line class=\"fil0 str1\" x1=\"2\" y1=\"1.19\" x2=\"0.56\" y2= \"1.19\" />\r\n								<line class=\"fil0 str1\" x1=\"0.72\" y1=\"1.43\" x2=\"0.56\" y2= \"1.43\" />\r\n								<line class=\"fil0 str1\" x1=\"1.04\" y1=\"1.43\" x2=\"0.88\" y2= \"1.43\" />\r\n								<line class=\"fil0 str1\" x1=\"1.36\" y1=\"1.43\" x2=\"1.2\" y2= \"1.43\" />\r\n								<line class=\"fil0 str1\" x1=\"1.68\" y1=\"1.43\" x2=\"1.52\" y2= \"1.43\" />\r\n								<line class=\"fil0 str1\" x1=\"2\" y1=\"1.43\" x2=\"1.84\" y2= \"1.43\" />\r\n								<line class=\"fil0 str1\" x1=\"0.72\" y1=\"1.63\" x2=\"0.56\" y2= \"1.63\" />\r\n								<line class=\"fil0 str1\" x1=\"1.04\" y1=\"1.63\" x2=\"0.88\" y2= \"1.63\" />\r\n								<line class=\"fil0 str1\" x1=\"1.36\" y1=\"1.63\" x2=\"1.2\" y2= \"1.63\" />\r\n								<line class=\"fil0 str1\" x1=\"1.68\" y1=\"1.63\" x2=\"1.52\" y2= \"1.63\" />\r\n								<line class=\"fil0 str1\" x1=\"2\" y1=\"1.63\" x2=\"1.84\" y2= \"1.63\" />\r\n								<line class=\"fil0 str1\" x1=\"0.72\" y1=\"1.83\" x2=\"0.56\" y2= \"1.83\" />\r\n								<line class=\"fil0 str1\" x1=\"1.04\" y1=\"1.83\" x2=\"0.88\" y2= \"1.83\" />\r\n								<line class=\"fil0 str1\" x1=\"1.36\" y1=\"1.83\" x2=\"1.2\" y2= \"1.83\" />\r\n								<line class=\"fil0 str1\" x1=\"1.68\" y1=\"1.83\" x2=\"1.52\" y2= \"1.83\" />\r\n								<line class=\"fil0 str1\" x1=\"2\" y1=\"1.83\" x2=\"1.84\" y2= \"1.83\" />\r\n								<polyline class=\"fil0 str1\" points=\"0.52,0.2 2.92,0.2 2.92,1.8 \"/>\r\n								</g>\r\n							</svg></div>\r\n<div class=\"citizenship__item-text\">\r\n<div class=\"citizenship__item-title\">3-6 мес.</div>\r\n<div class=\"citizenship__item-subtitle\">Срок оформления</div>\r\n</div>\r\n</div>\r\n<div class=\"citizenship__content-item\">\r\n<div class=\"citizenship__item-img citizenship__item-return\"><svg xmlns=\"http://www.w3.org/2000/svg\" xml:space=\"preserve\" width=\"79px\" height=\"59px\" version=\"1.1\" style=\"shape-rendering:geometricPrecision; text-rendering:geometricPrecision; image-rendering:optimizeQuality; fill-rule:evenodd; clip-rule:evenodd\"\r\n								viewBox=\"0 0 4.79 3.61\"\r\n								xmlns:xlink=\"http://www.w3.org/1999/xlink\">\r\n								<g id=\"Слой_x0020_1\">\r\n								<metadata id=\"CorelCorpID_0Corel-Layer\"/>\r\n								<g id=\"_1267802140304\">\r\n								<path class=\"fil0 str0\" d=\"M1.7 2.21l0 0.16 0.41 0c0.12,0 0.22,-0.08 0.22,-0.18 0,-0.1 -0.1,-0.19 -0.22,-0.19l-0.24 0c-0.11,0 -0.21,-0.08 -0.21,-0.18 0,-0.1 0.1,-0.18 0.21,-0.18l0.42 0 0 0.16\"/>\r\n								<line class=\"fil0 str0\" x1=\"2.02\" y1=\"1.64\" x2=\"2.02\" y2= \"1.34\" />\r\n								<line class=\"fil0 str0\" x1=\"2.02\" y1=\"2.67\" x2=\"2.02\" y2= \"2.37\" />\r\n								</g>\r\n								<line class=\"fil0 str1\" x1=\"0.17\" y1=\"1.03\" x2=\"3.82\" y2= \"1.03\" />\r\n								<polyline class=\"fil0 str1\" points=\"0.72,0.49 0.17,1.03 0.72,1.58 \"/>\r\n								<line class=\"fil0 str1\" x1=\"3.82\" y1=\"2.98\" x2=\"0.17\" y2= \"2.98\" />\r\n								<polyline class=\"fil0 str1\" points=\"3.27,3.52 3.82,2.98 3.27,2.43 \"/>\r\n								<polyline class=\"fil0 str2\" points=\"0.96,0.67 4.12,0.67 4.12,2.49 \"/>\r\n								<polyline class=\"fil0 str2\" points=\"0.9,0.36 4.42,0.36 4.42,2.19 \"/>\r\n								<polyline class=\"fil0 str2\" points=\"1.08,0.06 4.73,0.06 4.73,1.88 \"/>\r\n								</g>\r\n							</svg></div>\r\n<div class=\"citizenship__item-text\">\r\n<div class=\"citizenship__item-title\">3 года</div>\r\n<div class=\"citizenship__item-subtitle\">Срок возврата инвестиций</div>\r\n</div>\r\n</div>\r\n</div>\r\n</div>\r\n<div class=\"citizenship__footer\">\r\n        <div class=\"citizenship__footer-button\">Узнать больше</div>\r\n    </div>\r\n</section>','<section class=\"citizenship container\">\r\n<div class=\"citizenship__title title\">Citizenship</div>\r\n<div class=\"citizenship__subtitle\">We offer ready-made strategies for investing in foreign real estate</div>\r\n<div class=\"citizenship__content\">\r\n<div class=\"citizenship__content-items\">\r\n<div class=\"citizenship__content-item\">\r\n<div class=\"citizenship__item-img citizenship__item-dollar\"><svg xmlns=\"http://www.w3.org/2000/svg\" xml:space=\"preserve\" width=\"79px\" height=\"51px\" version=\"1.1\" style=\"shape-rendering:geometricPrecision; text-rendering:geometricPrecision; image-rendering:optimizeQuality; fill-rule:evenodd; clip-rule:evenodd\"\r\n								viewBox=\"0 0 2.93 1.89\"\r\n								xmlns:xlink=\"http://www.w3.org/1999/xlink\">\r\n								<g id=\"Слой_x0020_1\">\r\n								<metadata id=\"CorelCorpID_0Corel-Layer\"/>\r\n								<polygon class=\"fil0 str0\" points=\"2.3,0.63 2.3,1.82 0.07,1.82 0.07,0.63 \"/>\r\n								<polyline class=\"fil0 str1\" points=\"0.3,0.41 2.53,0.41 2.53,1.52 \"/>\r\n								<polyline class=\"fil0 str1\" points=\"0.48,0.22 2.71,0.22 2.71,1.34 \"/>\r\n								<polyline class=\"fil0 str1\" points=\"0.67,0.04 2.9,0.04 2.9,1.15 \"/>\r\n								<g id=\"_2529166579488\">\r\n								<path class=\"fil0 str2\" d=\"M1.01 1.35l0 0.1 0.25 0c0.07,0 0.13,-0.05 0.13,-0.11 0,-0.06 -0.06,-0.11 -0.13,-0.11l-0.14 0c-0.08,0 -0.14,-0.05 -0.14,-0.12 0,-0.06 0.06,-0.11 0.14,-0.11l0.25 0 0 0.1\"/>\r\n								<line class=\"fil0 str2\" x1=\"1.2\" y1=\"1\" x2=\"1.2\" y2= \"0.82\" />\r\n								<line class=\"fil0 str2\" x1=\"1.2\" y1=\"1.63\" x2=\"1.2\" y2= \"1.45\" />\r\n								</g>\r\n								</g>\r\n							</svg> </div>\r\n<div class=\"citizenship__item-text\">\r\n<div class=\"citizenship__item-title\">400 000$</div>\r\n<div class=\"citizenship__item-subtitle\">Minimum investment</div>\r\n</div>\r\n</div>\r\n<div class=\"citizenship__content-item\">\r\n<div class=\"citizenship__item-img citizenship__item-limitation\"><svg xmlns=\"http://www.w3.org/2000/svg\" xml:space=\"preserve\" width=\"74px\" height=\"58px\" version=\"1.1\" style=\"shape-rendering:geometricPrecision; text-rendering:geometricPrecision; image-rendering:optimizeQuality; fill-rule:evenodd; clip-rule:evenodd\"\r\n								viewBox=\"0 0 2.96 2.32\"\r\n								xmlns:xlink=\"http://www.w3.org/1999/xlink\">\r\n								<g id=\"Слой_x0020_1\">\r\n								<metadata id=\"CorelCorpID_0Corel-Layer\"/>\r\n								<polygon class=\"fil0 str0\" points=\"2.48,0.64 2.48,2.24 0.08,2.24 0.08,0.64 \"/>\r\n								<polyline class=\"fil0 str1\" points=\"0.32,0.4 2.72,0.4 2.72,2 \"/>\r\n								<path class=\"fil0 str1\" d=\"M1.84 0.84l0 -0.84m-1.12 0.84l0 -0.84\"/>\r\n								<line class=\"fil0 str1\" x1=\"2\" y1=\"1.19\" x2=\"0.56\" y2= \"1.19\" />\r\n								<line class=\"fil0 str1\" x1=\"0.72\" y1=\"1.43\" x2=\"0.56\" y2= \"1.43\" />\r\n								<line class=\"fil0 str1\" x1=\"1.04\" y1=\"1.43\" x2=\"0.88\" y2= \"1.43\" />\r\n								<line class=\"fil0 str1\" x1=\"1.36\" y1=\"1.43\" x2=\"1.2\" y2= \"1.43\" />\r\n								<line class=\"fil0 str1\" x1=\"1.68\" y1=\"1.43\" x2=\"1.52\" y2= \"1.43\" />\r\n								<line class=\"fil0 str1\" x1=\"2\" y1=\"1.43\" x2=\"1.84\" y2= \"1.43\" />\r\n								<line class=\"fil0 str1\" x1=\"0.72\" y1=\"1.63\" x2=\"0.56\" y2= \"1.63\" />\r\n								<line class=\"fil0 str1\" x1=\"1.04\" y1=\"1.63\" x2=\"0.88\" y2= \"1.63\" />\r\n								<line class=\"fil0 str1\" x1=\"1.36\" y1=\"1.63\" x2=\"1.2\" y2= \"1.63\" />\r\n								<line class=\"fil0 str1\" x1=\"1.68\" y1=\"1.63\" x2=\"1.52\" y2= \"1.63\" />\r\n								<line class=\"fil0 str1\" x1=\"2\" y1=\"1.63\" x2=\"1.84\" y2= \"1.63\" />\r\n								<line class=\"fil0 str1\" x1=\"0.72\" y1=\"1.83\" x2=\"0.56\" y2= \"1.83\" />\r\n								<line class=\"fil0 str1\" x1=\"1.04\" y1=\"1.83\" x2=\"0.88\" y2= \"1.83\" />\r\n								<line class=\"fil0 str1\" x1=\"1.36\" y1=\"1.83\" x2=\"1.2\" y2= \"1.83\" />\r\n								<line class=\"fil0 str1\" x1=\"1.68\" y1=\"1.83\" x2=\"1.52\" y2= \"1.83\" />\r\n								<line class=\"fil0 str1\" x1=\"2\" y1=\"1.83\" x2=\"1.84\" y2= \"1.83\" />\r\n								<polyline class=\"fil0 str1\" points=\"0.52,0.2 2.92,0.2 2.92,1.8 \"/>\r\n								</g>\r\n							</svg></div>\r\n<div class=\"citizenship__item-text\">\r\n<div class=\"citizenship__item-title\">3-6 mon.</div>\r\n<div class=\"citizenship__item-subtitle\">Registration deadline</div>\r\n</div>\r\n</div>\r\n<div class=\"citizenship__content-item\">\r\n<div class=\"citizenship__item-img citizenship__item-return\"><svg xmlns=\"http://www.w3.org/2000/svg\" xml:space=\"preserve\" width=\"79px\" height=\"59px\" version=\"1.1\" style=\"shape-rendering:geometricPrecision; text-rendering:geometricPrecision; image-rendering:optimizeQuality; fill-rule:evenodd; clip-rule:evenodd\"\r\n								viewBox=\"0 0 4.79 3.61\"\r\n								xmlns:xlink=\"http://www.w3.org/1999/xlink\">\r\n								<g id=\"Слой_x0020_1\">\r\n								<metadata id=\"CorelCorpID_0Corel-Layer\"/>\r\n								<g id=\"_1267802140304\">\r\n								<path class=\"fil0 str0\" d=\"M1.7 2.21l0 0.16 0.41 0c0.12,0 0.22,-0.08 0.22,-0.18 0,-0.1 -0.1,-0.19 -0.22,-0.19l-0.24 0c-0.11,0 -0.21,-0.08 -0.21,-0.18 0,-0.1 0.1,-0.18 0.21,-0.18l0.42 0 0 0.16\"/>\r\n								<line class=\"fil0 str0\" x1=\"2.02\" y1=\"1.64\" x2=\"2.02\" y2= \"1.34\" />\r\n								<line class=\"fil0 str0\" x1=\"2.02\" y1=\"2.67\" x2=\"2.02\" y2= \"2.37\" />\r\n								</g>\r\n								<line class=\"fil0 str1\" x1=\"0.17\" y1=\"1.03\" x2=\"3.82\" y2= \"1.03\" />\r\n								<polyline class=\"fil0 str1\" points=\"0.72,0.49 0.17,1.03 0.72,1.58 \"/>\r\n								<line class=\"fil0 str1\" x1=\"3.82\" y1=\"2.98\" x2=\"0.17\" y2= \"2.98\" />\r\n								<polyline class=\"fil0 str1\" points=\"3.27,3.52 3.82,2.98 3.27,2.43 \"/>\r\n								<polyline class=\"fil0 str2\" points=\"0.96,0.67 4.12,0.67 4.12,2.49 \"/>\r\n								<polyline class=\"fil0 str2\" points=\"0.9,0.36 4.42,0.36 4.42,2.19 \"/>\r\n								<polyline class=\"fil0 str2\" points=\"1.08,0.06 4.73,0.06 4.73,1.88 \"/>\r\n								</g>\r\n							</svg></div>\r\n<div class=\"citizenship__item-text\">\r\n<div class=\"citizenship__item-title\">3 years</div>\r\n<div class=\"citizenship__item-subtitle\">Return on investment period</div>\r\n</div>\r\n</div>\r\n</div>\r\n</div>\r\n<div class=\"citizenship__footer\">\r\n<div class=\"citizenship__footer\">\r\n        <div class=\"citizenship__footer-button\">Learn more</div>\r\n    </div>\r\n</section>','<section class=\"citizenship container\">\r\n<div class=\"citizenship__title title\">Vatandaşlık</div>\r\n<div class=\"citizenship__subtitle\">Yabancı gayrimenkul yatırımlarına yönelik hazır stratejiler sunuyoruz</div>\r\n<div class=\"citizenship__content\">\r\n<div class=\"citizenship__content-items\">\r\n<div class=\"citizenship__content-item\">\r\n<div class=\"citizenship__item-img citizenship__item-dollar\"><svg xmlns=\"http://www.w3.org/2000/svg\" xml:space=\"preserve\" width=\"79px\" height=\"51px\" version=\"1.1\" style=\"shape-rendering:geometricPrecision; text-rendering:geometricPrecision; image-rendering:optimizeQuality; fill-rule:evenodd; clip-rule:evenodd\"\r\n								viewBox=\"0 0 2.93 1.89\"\r\n								xmlns:xlink=\"http://www.w3.org/1999/xlink\">\r\n								<g id=\"Слой_x0020_1\">\r\n								<metadata id=\"CorelCorpID_0Corel-Layer\"/>\r\n								<polygon class=\"fil0 str0\" points=\"2.3,0.63 2.3,1.82 0.07,1.82 0.07,0.63 \"/>\r\n								<polyline class=\"fil0 str1\" points=\"0.3,0.41 2.53,0.41 2.53,1.52 \"/>\r\n								<polyline class=\"fil0 str1\" points=\"0.48,0.22 2.71,0.22 2.71,1.34 \"/>\r\n								<polyline class=\"fil0 str1\" points=\"0.67,0.04 2.9,0.04 2.9,1.15 \"/>\r\n								<g id=\"_2529166579488\">\r\n								<path class=\"fil0 str2\" d=\"M1.01 1.35l0 0.1 0.25 0c0.07,0 0.13,-0.05 0.13,-0.11 0,-0.06 -0.06,-0.11 -0.13,-0.11l-0.14 0c-0.08,0 -0.14,-0.05 -0.14,-0.12 0,-0.06 0.06,-0.11 0.14,-0.11l0.25 0 0 0.1\"/>\r\n								<line class=\"fil0 str2\" x1=\"1.2\" y1=\"1\" x2=\"1.2\" y2= \"0.82\" />\r\n								<line class=\"fil0 str2\" x1=\"1.2\" y1=\"1.63\" x2=\"1.2\" y2= \"1.45\" />\r\n								</g>\r\n								</g>\r\n							</svg> </div>\r\n<div class=\"citizenship__item-text\">\r\n<div class=\"citizenship__item-title\">400 000$</div>\r\n<div class=\"citizenship__item-subtitle\">Asgari yatırım</div>\r\n</div>\r\n</div>\r\n<div class=\"citizenship__content-item\">\r\n<div class=\"citizenship__item-img citizenship__item-limitation\"><svg xmlns=\"http://www.w3.org/2000/svg\" xml:space=\"preserve\" width=\"74px\" height=\"58px\" version=\"1.1\" style=\"shape-rendering:geometricPrecision; text-rendering:geometricPrecision; image-rendering:optimizeQuality; fill-rule:evenodd; clip-rule:evenodd\"\r\n								viewBox=\"0 0 2.96 2.32\"\r\n								xmlns:xlink=\"http://www.w3.org/1999/xlink\">\r\n								<g id=\"Слой_x0020_1\">\r\n								<metadata id=\"CorelCorpID_0Corel-Layer\"/>\r\n								<polygon class=\"fil0 str0\" points=\"2.48,0.64 2.48,2.24 0.08,2.24 0.08,0.64 \"/>\r\n								<polyline class=\"fil0 str1\" points=\"0.32,0.4 2.72,0.4 2.72,2 \"/>\r\n								<path class=\"fil0 str1\" d=\"M1.84 0.84l0 -0.84m-1.12 0.84l0 -0.84\"/>\r\n								<line class=\"fil0 str1\" x1=\"2\" y1=\"1.19\" x2=\"0.56\" y2= \"1.19\" />\r\n								<line class=\"fil0 str1\" x1=\"0.72\" y1=\"1.43\" x2=\"0.56\" y2= \"1.43\" />\r\n								<line class=\"fil0 str1\" x1=\"1.04\" y1=\"1.43\" x2=\"0.88\" y2= \"1.43\" />\r\n								<line class=\"fil0 str1\" x1=\"1.36\" y1=\"1.43\" x2=\"1.2\" y2= \"1.43\" />\r\n								<line class=\"fil0 str1\" x1=\"1.68\" y1=\"1.43\" x2=\"1.52\" y2= \"1.43\" />\r\n								<line class=\"fil0 str1\" x1=\"2\" y1=\"1.43\" x2=\"1.84\" y2= \"1.43\" />\r\n								<line class=\"fil0 str1\" x1=\"0.72\" y1=\"1.63\" x2=\"0.56\" y2= \"1.63\" />\r\n								<line class=\"fil0 str1\" x1=\"1.04\" y1=\"1.63\" x2=\"0.88\" y2= \"1.63\" />\r\n								<line class=\"fil0 str1\" x1=\"1.36\" y1=\"1.63\" x2=\"1.2\" y2= \"1.63\" />\r\n								<line class=\"fil0 str1\" x1=\"1.68\" y1=\"1.63\" x2=\"1.52\" y2= \"1.63\" />\r\n								<line class=\"fil0 str1\" x1=\"2\" y1=\"1.63\" x2=\"1.84\" y2= \"1.63\" />\r\n								<line class=\"fil0 str1\" x1=\"0.72\" y1=\"1.83\" x2=\"0.56\" y2= \"1.83\" />\r\n								<line class=\"fil0 str1\" x1=\"1.04\" y1=\"1.83\" x2=\"0.88\" y2= \"1.83\" />\r\n								<line class=\"fil0 str1\" x1=\"1.36\" y1=\"1.83\" x2=\"1.2\" y2= \"1.83\" />\r\n								<line class=\"fil0 str1\" x1=\"1.68\" y1=\"1.83\" x2=\"1.52\" y2= \"1.83\" />\r\n								<line class=\"fil0 str1\" x1=\"2\" y1=\"1.83\" x2=\"1.84\" y2= \"1.83\" />\r\n								<polyline class=\"fil0 str1\" points=\"0.52,0.2 2.92,0.2 2.92,1.8 \"/>\r\n								</g>\r\n							</svg></div>\r\n<div class=\"citizenship__item-text\">\r\n<div class=\"citizenship__item-title\">3-6 ay</div>\r\n<div class=\"citizenship__item-subtitle\">Kayıt Dönemi</div>\r\n</div>\r\n</div>\r\n<div class=\"citizenship__content-item\">\r\n<div class=\"citizenship__item-img citizenship__item-return\"><svg xmlns=\"http://www.w3.org/2000/svg\" xml:space=\"preserve\" width=\"79px\" height=\"59px\" version=\"1.1\" style=\"shape-rendering:geometricPrecision; text-rendering:geometricPrecision; image-rendering:optimizeQuality; fill-rule:evenodd; clip-rule:evenodd\"\r\n								viewBox=\"0 0 4.79 3.61\"\r\n								xmlns:xlink=\"http://www.w3.org/1999/xlink\">\r\n								<g id=\"Слой_x0020_1\">\r\n								<metadata id=\"CorelCorpID_0Corel-Layer\"/>\r\n								<g id=\"_1267802140304\">\r\n								<path class=\"fil0 str0\" d=\"M1.7 2.21l0 0.16 0.41 0c0.12,0 0.22,-0.08 0.22,-0.18 0,-0.1 -0.1,-0.19 -0.22,-0.19l-0.24 0c-0.11,0 -0.21,-0.08 -0.21,-0.18 0,-0.1 0.1,-0.18 0.21,-0.18l0.42 0 0 0.16\"/>\r\n								<line class=\"fil0 str0\" x1=\"2.02\" y1=\"1.64\" x2=\"2.02\" y2= \"1.34\" />\r\n								<line class=\"fil0 str0\" x1=\"2.02\" y1=\"2.67\" x2=\"2.02\" y2= \"2.37\" />\r\n								</g>\r\n								<line class=\"fil0 str1\" x1=\"0.17\" y1=\"1.03\" x2=\"3.82\" y2= \"1.03\" />\r\n								<polyline class=\"fil0 str1\" points=\"0.72,0.49 0.17,1.03 0.72,1.58 \"/>\r\n								<line class=\"fil0 str1\" x1=\"3.82\" y1=\"2.98\" x2=\"0.17\" y2= \"2.98\" />\r\n								<polyline class=\"fil0 str1\" points=\"3.27,3.52 3.82,2.98 3.27,2.43 \"/>\r\n								<polyline class=\"fil0 str2\" points=\"0.96,0.67 4.12,0.67 4.12,2.49 \"/>\r\n								<polyline class=\"fil0 str2\" points=\"0.9,0.36 4.42,0.36 4.42,2.19 \"/>\r\n								<polyline class=\"fil0 str2\" points=\"1.08,0.06 4.73,0.06 4.73,1.88 \"/>\r\n								</g>\r\n							</svg></div>\r\n<div class=\"citizenship__item-text\">\r\n<div class=\"citizenship__item-title\">3 yıl</div>\r\n<div class=\"citizenship__item-subtitle\">Yatırım getirisi dönemi</div>\r\n</div>\r\n</div>\r\n</div>\r\n</div>\r\n<div class=\"citizenship__footer\">\r\n        <div class=\"citizenship__footer-button\">\r\n            Daha fazla öğrenmek için\r\n        </div>\r\n    </div>\r\n</section>',NULL,'2023-06-18 14:26:43','2023-09-22 19:37:57','Montenegro','<section class=\"citizenship container\">\r\n<div class=\"citizenship__title title\">Nationalität tr</div>\r\n<div class=\"citizenship__subtitle\">Wir bieten fertige Strategien für Investitionen in ausländische Immobilien</div>\r\n<div class=\"citizenship__content\">\r\n<div class=\"citizenship__content-items\">\r\n<div class=\"citizenship__content-item\">\r\n<div class=\"citizenship__item-img citizenship__item-dollar\"><svg xmlns=\"http://www.w3.org/2000/svg\" xml:space=\"preserve\" width=\"79px\" height=\"51px\" version=\"1.1\" style=\"shape-rendering:geometricPrecision; text-rendering:geometricPrecision; image-rendering:optimizeQuality; fill-rule:evenodd; clip-rule:evenodd\"\r\n								viewBox=\"0 0 2.93 1.89\"\r\n								xmlns:xlink=\"http://www.w3.org/1999/xlink\">\r\n								<g id=\"Слой_x0020_1\">\r\n								<metadata id=\"CorelCorpID_0Corel-Layer\"/>\r\n								<polygon class=\"fil0 str0\" points=\"2.3,0.63 2.3,1.82 0.07,1.82 0.07,0.63 \"/>\r\n								<polyline class=\"fil0 str1\" points=\"0.3,0.41 2.53,0.41 2.53,1.52 \"/>\r\n								<polyline class=\"fil0 str1\" points=\"0.48,0.22 2.71,0.22 2.71,1.34 \"/>\r\n								<polyline class=\"fil0 str1\" points=\"0.67,0.04 2.9,0.04 2.9,1.15 \"/>\r\n								<g id=\"_2529166579488\">\r\n								<path class=\"fil0 str2\" d=\"M1.01 1.35l0 0.1 0.25 0c0.07,0 0.13,-0.05 0.13,-0.11 0,-0.06 -0.06,-0.11 -0.13,-0.11l-0.14 0c-0.08,0 -0.14,-0.05 -0.14,-0.12 0,-0.06 0.06,-0.11 0.14,-0.11l0.25 0 0 0.1\"/>\r\n								<line class=\"fil0 str2\" x1=\"1.2\" y1=\"1\" x2=\"1.2\" y2= \"0.82\" />\r\n								<line class=\"fil0 str2\" x1=\"1.2\" y1=\"1.63\" x2=\"1.2\" y2= \"1.45\" />\r\n								</g>\r\n								</g>\r\n							</svg> </div>\r\n<div class=\"citizenship__item-text\">\r\n<div class=\"citizenship__item-title\">400 000$</div>\r\n<div class=\"citizenship__item-subtitle\">Minimale Investition</div>\r\n</div>\r\n</div>\r\n<div class=\"citizenship__content-item\">\r\n<div class=\"citizenship__item-img citizenship__item-limitation\"><svg xmlns=\"http://www.w3.org/2000/svg\" xml:space=\"preserve\" width=\"74px\" height=\"58px\" version=\"1.1\" style=\"shape-rendering:geometricPrecision; text-rendering:geometricPrecision; image-rendering:optimizeQuality; fill-rule:evenodd; clip-rule:evenodd\"\r\n								viewBox=\"0 0 2.96 2.32\"\r\n								xmlns:xlink=\"http://www.w3.org/1999/xlink\">\r\n								<g id=\"Слой_x0020_1\">\r\n								<metadata id=\"CorelCorpID_0Corel-Layer\"/>\r\n								<polygon class=\"fil0 str0\" points=\"2.48,0.64 2.48,2.24 0.08,2.24 0.08,0.64 \"/>\r\n								<polyline class=\"fil0 str1\" points=\"0.32,0.4 2.72,0.4 2.72,2 \"/>\r\n								<path class=\"fil0 str1\" d=\"M1.84 0.84l0 -0.84m-1.12 0.84l0 -0.84\"/>\r\n								<line class=\"fil0 str1\" x1=\"2\" y1=\"1.19\" x2=\"0.56\" y2= \"1.19\" />\r\n								<line class=\"fil0 str1\" x1=\"0.72\" y1=\"1.43\" x2=\"0.56\" y2= \"1.43\" />\r\n								<line class=\"fil0 str1\" x1=\"1.04\" y1=\"1.43\" x2=\"0.88\" y2= \"1.43\" />\r\n								<line class=\"fil0 str1\" x1=\"1.36\" y1=\"1.43\" x2=\"1.2\" y2= \"1.43\" />\r\n								<line class=\"fil0 str1\" x1=\"1.68\" y1=\"1.43\" x2=\"1.52\" y2= \"1.43\" />\r\n								<line class=\"fil0 str1\" x1=\"2\" y1=\"1.43\" x2=\"1.84\" y2= \"1.43\" />\r\n								<line class=\"fil0 str1\" x1=\"0.72\" y1=\"1.63\" x2=\"0.56\" y2= \"1.63\" />\r\n								<line class=\"fil0 str1\" x1=\"1.04\" y1=\"1.63\" x2=\"0.88\" y2= \"1.63\" />\r\n								<line class=\"fil0 str1\" x1=\"1.36\" y1=\"1.63\" x2=\"1.2\" y2= \"1.63\" />\r\n								<line class=\"fil0 str1\" x1=\"1.68\" y1=\"1.63\" x2=\"1.52\" y2= \"1.63\" />\r\n								<line class=\"fil0 str1\" x1=\"2\" y1=\"1.63\" x2=\"1.84\" y2= \"1.63\" />\r\n								<line class=\"fil0 str1\" x1=\"0.72\" y1=\"1.83\" x2=\"0.56\" y2= \"1.83\" />\r\n								<line class=\"fil0 str1\" x1=\"1.04\" y1=\"1.83\" x2=\"0.88\" y2= \"1.83\" />\r\n								<line class=\"fil0 str1\" x1=\"1.36\" y1=\"1.83\" x2=\"1.2\" y2= \"1.83\" />\r\n								<line class=\"fil0 str1\" x1=\"1.68\" y1=\"1.83\" x2=\"1.52\" y2= \"1.83\" />\r\n								<line class=\"fil0 str1\" x1=\"2\" y1=\"1.83\" x2=\"1.84\" y2= \"1.83\" />\r\n								<polyline class=\"fil0 str1\" points=\"0.52,0.2 2.92,0.2 2.92,1.8 \"/>\r\n								</g>\r\n							</svg></div>\r\n<div class=\"citizenship__item-text\">\r\n<div class=\"citizenship__item-title\">3-6 monate</div>\r\n<div class=\"citizenship__item-subtitle\">Anmeldezeitraum</div>\r\n</div>\r\n</div>\r\n<div class=\"citizenship__content-item\">\r\n<div class=\"citizenship__item-img citizenship__item-return\"><svg xmlns=\"http://www.w3.org/2000/svg\" xml:space=\"preserve\" width=\"79px\" height=\"59px\" version=\"1.1\" style=\"shape-rendering:geometricPrecision; text-rendering:geometricPrecision; image-rendering:optimizeQuality; fill-rule:evenodd; clip-rule:evenodd\"\r\n								viewBox=\"0 0 4.79 3.61\"\r\n								xmlns:xlink=\"http://www.w3.org/1999/xlink\">\r\n								<g id=\"Слой_x0020_1\">\r\n								<metadata id=\"CorelCorpID_0Corel-Layer\"/>\r\n								<g id=\"_1267802140304\">\r\n								<path class=\"fil0 str0\" d=\"M1.7 2.21l0 0.16 0.41 0c0.12,0 0.22,-0.08 0.22,-0.18 0,-0.1 -0.1,-0.19 -0.22,-0.19l-0.24 0c-0.11,0 -0.21,-0.08 -0.21,-0.18 0,-0.1 0.1,-0.18 0.21,-0.18l0.42 0 0 0.16\"/>\r\n								<line class=\"fil0 str0\" x1=\"2.02\" y1=\"1.64\" x2=\"2.02\" y2= \"1.34\" />\r\n								<line class=\"fil0 str0\" x1=\"2.02\" y1=\"2.67\" x2=\"2.02\" y2= \"2.37\" />\r\n								</g>\r\n								<line class=\"fil0 str1\" x1=\"0.17\" y1=\"1.03\" x2=\"3.82\" y2= \"1.03\" />\r\n								<polyline class=\"fil0 str1\" points=\"0.72,0.49 0.17,1.03 0.72,1.58 \"/>\r\n								<line class=\"fil0 str1\" x1=\"3.82\" y1=\"2.98\" x2=\"0.17\" y2= \"2.98\" />\r\n								<polyline class=\"fil0 str1\" points=\"3.27,3.52 3.82,2.98 3.27,2.43 \"/>\r\n								<polyline class=\"fil0 str2\" points=\"0.96,0.67 4.12,0.67 4.12,2.49 \"/>\r\n								<polyline class=\"fil0 str2\" points=\"0.9,0.36 4.42,0.36 4.42,2.19 \"/>\r\n								<polyline class=\"fil0 str2\" points=\"1.08,0.06 4.73,0.06 4.73,1.88 \"/>\r\n								</g>\r\n							</svg></div>\r\n<div class=\"citizenship__item-text\">\r\n<div class=\"citizenship__item-title\">3 Jahre</div>\r\n<div class=\"citizenship__item-subtitle\">Return on Investment Zeitraum</div>\r\n</div>\r\n</div>\r\n</div>\r\n</div>\r\n<div class=\"citizenship__footer\">\r\n        <div class=\"citizenship__footer-button\">\r\n            Um mehr zu lernen\r\n        </div>\r\n    </div>\r\n</section>'),(40,'1','ОАЭ','UAE','UAE',NULL,'1695427499.png','25.25','55.3','<section class=\"citizenship container\">\r\n<div class=\"citizenship__title title\">Гражданство</div>\r\n<div class=\"citizenship__subtitle\">Мы предлагаем готовые стратегии инвестирования в зарубежную недвижимость</div>\r\n<div class=\"citizenship__content\">\r\n<div class=\"citizenship__content-items\">\r\n<div class=\"citizenship__content-item\">\r\n<div class=\"citizenship__item-img citizenship__item-dollar\"><svg xmlns=\"http://www.w3.org/2000/svg\" xml:space=\"preserve\" width=\"79px\" height=\"51px\" version=\"1.1\" style=\"shape-rendering:geometricPrecision; text-rendering:geometricPrecision; image-rendering:optimizeQuality; fill-rule:evenodd; clip-rule:evenodd\"\r\n								viewBox=\"0 0 2.93 1.89\"\r\n								xmlns:xlink=\"http://www.w3.org/1999/xlink\">\r\n								<g id=\"Слой_x0020_1\">\r\n								<metadata id=\"CorelCorpID_0Corel-Layer\"/>\r\n								<polygon class=\"fil0 str0\" points=\"2.3,0.63 2.3,1.82 0.07,1.82 0.07,0.63 \"/>\r\n								<polyline class=\"fil0 str1\" points=\"0.3,0.41 2.53,0.41 2.53,1.52 \"/>\r\n								<polyline class=\"fil0 str1\" points=\"0.48,0.22 2.71,0.22 2.71,1.34 \"/>\r\n								<polyline class=\"fil0 str1\" points=\"0.67,0.04 2.9,0.04 2.9,1.15 \"/>\r\n								<g id=\"_2529166579488\">\r\n								<path class=\"fil0 str2\" d=\"M1.01 1.35l0 0.1 0.25 0c0.07,0 0.13,-0.05 0.13,-0.11 0,-0.06 -0.06,-0.11 -0.13,-0.11l-0.14 0c-0.08,0 -0.14,-0.05 -0.14,-0.12 0,-0.06 0.06,-0.11 0.14,-0.11l0.25 0 0 0.1\"/>\r\n								<line class=\"fil0 str2\" x1=\"1.2\" y1=\"1\" x2=\"1.2\" y2= \"0.82\" />\r\n								<line class=\"fil0 str2\" x1=\"1.2\" y1=\"1.63\" x2=\"1.2\" y2= \"1.45\" />\r\n								</g>\r\n								</g>\r\n							</svg> </div>\r\n<div class=\"citizenship__item-text\">\r\n<div class=\"citizenship__item-title\">400 000$</div>\r\n<div class=\"citizenship__item-subtitle\">Минимальные инвестиции</div>\r\n</div>\r\n</div>\r\n<div class=\"citizenship__content-item\">\r\n<div class=\"citizenship__item-img citizenship__item-limitation\"><svg xmlns=\"http://www.w3.org/2000/svg\" xml:space=\"preserve\" width=\"74px\" height=\"58px\" version=\"1.1\" style=\"shape-rendering:geometricPrecision; text-rendering:geometricPrecision; image-rendering:optimizeQuality; fill-rule:evenodd; clip-rule:evenodd\"\r\n								viewBox=\"0 0 2.96 2.32\"\r\n								xmlns:xlink=\"http://www.w3.org/1999/xlink\">\r\n								<g id=\"Слой_x0020_1\">\r\n								<metadata id=\"CorelCorpID_0Corel-Layer\"/>\r\n								<polygon class=\"fil0 str0\" points=\"2.48,0.64 2.48,2.24 0.08,2.24 0.08,0.64 \"/>\r\n								<polyline class=\"fil0 str1\" points=\"0.32,0.4 2.72,0.4 2.72,2 \"/>\r\n								<path class=\"fil0 str1\" d=\"M1.84 0.84l0 -0.84m-1.12 0.84l0 -0.84\"/>\r\n								<line class=\"fil0 str1\" x1=\"2\" y1=\"1.19\" x2=\"0.56\" y2= \"1.19\" />\r\n								<line class=\"fil0 str1\" x1=\"0.72\" y1=\"1.43\" x2=\"0.56\" y2= \"1.43\" />\r\n								<line class=\"fil0 str1\" x1=\"1.04\" y1=\"1.43\" x2=\"0.88\" y2= \"1.43\" />\r\n								<line class=\"fil0 str1\" x1=\"1.36\" y1=\"1.43\" x2=\"1.2\" y2= \"1.43\" />\r\n								<line class=\"fil0 str1\" x1=\"1.68\" y1=\"1.43\" x2=\"1.52\" y2= \"1.43\" />\r\n								<line class=\"fil0 str1\" x1=\"2\" y1=\"1.43\" x2=\"1.84\" y2= \"1.43\" />\r\n								<line class=\"fil0 str1\" x1=\"0.72\" y1=\"1.63\" x2=\"0.56\" y2= \"1.63\" />\r\n								<line class=\"fil0 str1\" x1=\"1.04\" y1=\"1.63\" x2=\"0.88\" y2= \"1.63\" />\r\n								<line class=\"fil0 str1\" x1=\"1.36\" y1=\"1.63\" x2=\"1.2\" y2= \"1.63\" />\r\n								<line class=\"fil0 str1\" x1=\"1.68\" y1=\"1.63\" x2=\"1.52\" y2= \"1.63\" />\r\n								<line class=\"fil0 str1\" x1=\"2\" y1=\"1.63\" x2=\"1.84\" y2= \"1.63\" />\r\n								<line class=\"fil0 str1\" x1=\"0.72\" y1=\"1.83\" x2=\"0.56\" y2= \"1.83\" />\r\n								<line class=\"fil0 str1\" x1=\"1.04\" y1=\"1.83\" x2=\"0.88\" y2= \"1.83\" />\r\n								<line class=\"fil0 str1\" x1=\"1.36\" y1=\"1.83\" x2=\"1.2\" y2= \"1.83\" />\r\n								<line class=\"fil0 str1\" x1=\"1.68\" y1=\"1.83\" x2=\"1.52\" y2= \"1.83\" />\r\n								<line class=\"fil0 str1\" x1=\"2\" y1=\"1.83\" x2=\"1.84\" y2= \"1.83\" />\r\n								<polyline class=\"fil0 str1\" points=\"0.52,0.2 2.92,0.2 2.92,1.8 \"/>\r\n								</g>\r\n							</svg></div>\r\n<div class=\"citizenship__item-text\">\r\n<div class=\"citizenship__item-title\">3-6 мес.</div>\r\n<div class=\"citizenship__item-subtitle\">Срок оформления</div>\r\n</div>\r\n</div>\r\n<div class=\"citizenship__content-item\">\r\n<div class=\"citizenship__item-img citizenship__item-return\"><svg xmlns=\"http://www.w3.org/2000/svg\" xml:space=\"preserve\" width=\"79px\" height=\"59px\" version=\"1.1\" style=\"shape-rendering:geometricPrecision; text-rendering:geometricPrecision; image-rendering:optimizeQuality; fill-rule:evenodd; clip-rule:evenodd\"\r\n								viewBox=\"0 0 4.79 3.61\"\r\n								xmlns:xlink=\"http://www.w3.org/1999/xlink\">\r\n								<g id=\"Слой_x0020_1\">\r\n								<metadata id=\"CorelCorpID_0Corel-Layer\"/>\r\n								<g id=\"_1267802140304\">\r\n								<path class=\"fil0 str0\" d=\"M1.7 2.21l0 0.16 0.41 0c0.12,0 0.22,-0.08 0.22,-0.18 0,-0.1 -0.1,-0.19 -0.22,-0.19l-0.24 0c-0.11,0 -0.21,-0.08 -0.21,-0.18 0,-0.1 0.1,-0.18 0.21,-0.18l0.42 0 0 0.16\"/>\r\n								<line class=\"fil0 str0\" x1=\"2.02\" y1=\"1.64\" x2=\"2.02\" y2= \"1.34\" />\r\n								<line class=\"fil0 str0\" x1=\"2.02\" y1=\"2.67\" x2=\"2.02\" y2= \"2.37\" />\r\n								</g>\r\n								<line class=\"fil0 str1\" x1=\"0.17\" y1=\"1.03\" x2=\"3.82\" y2= \"1.03\" />\r\n								<polyline class=\"fil0 str1\" points=\"0.72,0.49 0.17,1.03 0.72,1.58 \"/>\r\n								<line class=\"fil0 str1\" x1=\"3.82\" y1=\"2.98\" x2=\"0.17\" y2= \"2.98\" />\r\n								<polyline class=\"fil0 str1\" points=\"3.27,3.52 3.82,2.98 3.27,2.43 \"/>\r\n								<polyline class=\"fil0 str2\" points=\"0.96,0.67 4.12,0.67 4.12,2.49 \"/>\r\n								<polyline class=\"fil0 str2\" points=\"0.9,0.36 4.42,0.36 4.42,2.19 \"/>\r\n								<polyline class=\"fil0 str2\" points=\"1.08,0.06 4.73,0.06 4.73,1.88 \"/>\r\n								</g>\r\n							</svg></div>\r\n<div class=\"citizenship__item-text\">\r\n<div class=\"citizenship__item-title\">3 года</div>\r\n<div class=\"citizenship__item-subtitle\">Срок возврата инвестиций</div>\r\n</div>\r\n</div>\r\n</div>\r\n</div>\r\n<div class=\"citizenship__footer\">\r\n        <div class=\"citizenship__footer-button\">Узнать больше</div>\r\n    </div>\r\n</section>','<section class=\"citizenship container\">\r\n<div class=\"citizenship__title title\">Citizenship</div>\r\n<div class=\"citizenship__subtitle\">We offer ready-made strategies for investing in foreign real estate</div>\r\n<div class=\"citizenship__content\">\r\n<div class=\"citizenship__content-items\">\r\n<div class=\"citizenship__content-item\">\r\n<div class=\"citizenship__item-img citizenship__item-dollar\"><svg xmlns=\"http://www.w3.org/2000/svg\" xml:space=\"preserve\" width=\"79px\" height=\"51px\" version=\"1.1\" style=\"shape-rendering:geometricPrecision; text-rendering:geometricPrecision; image-rendering:optimizeQuality; fill-rule:evenodd; clip-rule:evenodd\"\r\n								viewBox=\"0 0 2.93 1.89\"\r\n								xmlns:xlink=\"http://www.w3.org/1999/xlink\">\r\n								<g id=\"Слой_x0020_1\">\r\n								<metadata id=\"CorelCorpID_0Corel-Layer\"/>\r\n								<polygon class=\"fil0 str0\" points=\"2.3,0.63 2.3,1.82 0.07,1.82 0.07,0.63 \"/>\r\n								<polyline class=\"fil0 str1\" points=\"0.3,0.41 2.53,0.41 2.53,1.52 \"/>\r\n								<polyline class=\"fil0 str1\" points=\"0.48,0.22 2.71,0.22 2.71,1.34 \"/>\r\n								<polyline class=\"fil0 str1\" points=\"0.67,0.04 2.9,0.04 2.9,1.15 \"/>\r\n								<g id=\"_2529166579488\">\r\n								<path class=\"fil0 str2\" d=\"M1.01 1.35l0 0.1 0.25 0c0.07,0 0.13,-0.05 0.13,-0.11 0,-0.06 -0.06,-0.11 -0.13,-0.11l-0.14 0c-0.08,0 -0.14,-0.05 -0.14,-0.12 0,-0.06 0.06,-0.11 0.14,-0.11l0.25 0 0 0.1\"/>\r\n								<line class=\"fil0 str2\" x1=\"1.2\" y1=\"1\" x2=\"1.2\" y2= \"0.82\" />\r\n								<line class=\"fil0 str2\" x1=\"1.2\" y1=\"1.63\" x2=\"1.2\" y2= \"1.45\" />\r\n								</g>\r\n								</g>\r\n							</svg> </div>\r\n<div class=\"citizenship__item-text\">\r\n<div class=\"citizenship__item-title\">400 000$</div>\r\n<div class=\"citizenship__item-subtitle\">Minimum investment</div>\r\n</div>\r\n</div>\r\n<div class=\"citizenship__content-item\">\r\n<div class=\"citizenship__item-img citizenship__item-limitation\"><svg xmlns=\"http://www.w3.org/2000/svg\" xml:space=\"preserve\" width=\"74px\" height=\"58px\" version=\"1.1\" style=\"shape-rendering:geometricPrecision; text-rendering:geometricPrecision; image-rendering:optimizeQuality; fill-rule:evenodd; clip-rule:evenodd\"\r\n								viewBox=\"0 0 2.96 2.32\"\r\n								xmlns:xlink=\"http://www.w3.org/1999/xlink\">\r\n								<g id=\"Слой_x0020_1\">\r\n								<metadata id=\"CorelCorpID_0Corel-Layer\"/>\r\n								<polygon class=\"fil0 str0\" points=\"2.48,0.64 2.48,2.24 0.08,2.24 0.08,0.64 \"/>\r\n								<polyline class=\"fil0 str1\" points=\"0.32,0.4 2.72,0.4 2.72,2 \"/>\r\n								<path class=\"fil0 str1\" d=\"M1.84 0.84l0 -0.84m-1.12 0.84l0 -0.84\"/>\r\n								<line class=\"fil0 str1\" x1=\"2\" y1=\"1.19\" x2=\"0.56\" y2= \"1.19\" />\r\n								<line class=\"fil0 str1\" x1=\"0.72\" y1=\"1.43\" x2=\"0.56\" y2= \"1.43\" />\r\n								<line class=\"fil0 str1\" x1=\"1.04\" y1=\"1.43\" x2=\"0.88\" y2= \"1.43\" />\r\n								<line class=\"fil0 str1\" x1=\"1.36\" y1=\"1.43\" x2=\"1.2\" y2= \"1.43\" />\r\n								<line class=\"fil0 str1\" x1=\"1.68\" y1=\"1.43\" x2=\"1.52\" y2= \"1.43\" />\r\n								<line class=\"fil0 str1\" x1=\"2\" y1=\"1.43\" x2=\"1.84\" y2= \"1.43\" />\r\n								<line class=\"fil0 str1\" x1=\"0.72\" y1=\"1.63\" x2=\"0.56\" y2= \"1.63\" />\r\n								<line class=\"fil0 str1\" x1=\"1.04\" y1=\"1.63\" x2=\"0.88\" y2= \"1.63\" />\r\n								<line class=\"fil0 str1\" x1=\"1.36\" y1=\"1.63\" x2=\"1.2\" y2= \"1.63\" />\r\n								<line class=\"fil0 str1\" x1=\"1.68\" y1=\"1.63\" x2=\"1.52\" y2= \"1.63\" />\r\n								<line class=\"fil0 str1\" x1=\"2\" y1=\"1.63\" x2=\"1.84\" y2= \"1.63\" />\r\n								<line class=\"fil0 str1\" x1=\"0.72\" y1=\"1.83\" x2=\"0.56\" y2= \"1.83\" />\r\n								<line class=\"fil0 str1\" x1=\"1.04\" y1=\"1.83\" x2=\"0.88\" y2= \"1.83\" />\r\n								<line class=\"fil0 str1\" x1=\"1.36\" y1=\"1.83\" x2=\"1.2\" y2= \"1.83\" />\r\n								<line class=\"fil0 str1\" x1=\"1.68\" y1=\"1.83\" x2=\"1.52\" y2= \"1.83\" />\r\n								<line class=\"fil0 str1\" x1=\"2\" y1=\"1.83\" x2=\"1.84\" y2= \"1.83\" />\r\n								<polyline class=\"fil0 str1\" points=\"0.52,0.2 2.92,0.2 2.92,1.8 \"/>\r\n								</g>\r\n							</svg></div>\r\n<div class=\"citizenship__item-text\">\r\n<div class=\"citizenship__item-title\">3-6 mon.</div>\r\n<div class=\"citizenship__item-subtitle\">Registration deadline</div>\r\n</div>\r\n</div>\r\n<div class=\"citizenship__content-item\">\r\n<div class=\"citizenship__item-img citizenship__item-return\"><svg xmlns=\"http://www.w3.org/2000/svg\" xml:space=\"preserve\" width=\"79px\" height=\"59px\" version=\"1.1\" style=\"shape-rendering:geometricPrecision; text-rendering:geometricPrecision; image-rendering:optimizeQuality; fill-rule:evenodd; clip-rule:evenodd\"\r\n								viewBox=\"0 0 4.79 3.61\"\r\n								xmlns:xlink=\"http://www.w3.org/1999/xlink\">\r\n								<g id=\"Слой_x0020_1\">\r\n								<metadata id=\"CorelCorpID_0Corel-Layer\"/>\r\n								<g id=\"_1267802140304\">\r\n								<path class=\"fil0 str0\" d=\"M1.7 2.21l0 0.16 0.41 0c0.12,0 0.22,-0.08 0.22,-0.18 0,-0.1 -0.1,-0.19 -0.22,-0.19l-0.24 0c-0.11,0 -0.21,-0.08 -0.21,-0.18 0,-0.1 0.1,-0.18 0.21,-0.18l0.42 0 0 0.16\"/>\r\n								<line class=\"fil0 str0\" x1=\"2.02\" y1=\"1.64\" x2=\"2.02\" y2= \"1.34\" />\r\n								<line class=\"fil0 str0\" x1=\"2.02\" y1=\"2.67\" x2=\"2.02\" y2= \"2.37\" />\r\n								</g>\r\n								<line class=\"fil0 str1\" x1=\"0.17\" y1=\"1.03\" x2=\"3.82\" y2= \"1.03\" />\r\n								<polyline class=\"fil0 str1\" points=\"0.72,0.49 0.17,1.03 0.72,1.58 \"/>\r\n								<line class=\"fil0 str1\" x1=\"3.82\" y1=\"2.98\" x2=\"0.17\" y2= \"2.98\" />\r\n								<polyline class=\"fil0 str1\" points=\"3.27,3.52 3.82,2.98 3.27,2.43 \"/>\r\n								<polyline class=\"fil0 str2\" points=\"0.96,0.67 4.12,0.67 4.12,2.49 \"/>\r\n								<polyline class=\"fil0 str2\" points=\"0.9,0.36 4.42,0.36 4.42,2.19 \"/>\r\n								<polyline class=\"fil0 str2\" points=\"1.08,0.06 4.73,0.06 4.73,1.88 \"/>\r\n								</g>\r\n							</svg></div>\r\n<div class=\"citizenship__item-text\">\r\n<div class=\"citizenship__item-title\">3 years</div>\r\n<div class=\"citizenship__item-subtitle\">Return on investment period</div>\r\n</div>\r\n</div>\r\n</div>\r\n</div>\r\n<div class=\"citizenship__footer\">\r\n<div class=\"citizenship__footer\">\r\n        <div class=\"citizenship__footer-button\">Learn more</div>\r\n    </div>\r\n</section>','<section class=\"citizenship container\">\r\n<div class=\"citizenship__title title\">Vatandaşlık</div>\r\n<div class=\"citizenship__subtitle\">Yabancı gayrimenkul yatırımlarına yönelik hazır stratejiler sunuyoruz</div>\r\n<div class=\"citizenship__content\">\r\n<div class=\"citizenship__content-items\">\r\n<div class=\"citizenship__content-item\">\r\n<div class=\"citizenship__item-img citizenship__item-dollar\"><svg xmlns=\"http://www.w3.org/2000/svg\" xml:space=\"preserve\" width=\"79px\" height=\"51px\" version=\"1.1\" style=\"shape-rendering:geometricPrecision; text-rendering:geometricPrecision; image-rendering:optimizeQuality; fill-rule:evenodd; clip-rule:evenodd\"\r\n								viewBox=\"0 0 2.93 1.89\"\r\n								xmlns:xlink=\"http://www.w3.org/1999/xlink\">\r\n								<g id=\"Слой_x0020_1\">\r\n								<metadata id=\"CorelCorpID_0Corel-Layer\"/>\r\n								<polygon class=\"fil0 str0\" points=\"2.3,0.63 2.3,1.82 0.07,1.82 0.07,0.63 \"/>\r\n								<polyline class=\"fil0 str1\" points=\"0.3,0.41 2.53,0.41 2.53,1.52 \"/>\r\n								<polyline class=\"fil0 str1\" points=\"0.48,0.22 2.71,0.22 2.71,1.34 \"/>\r\n								<polyline class=\"fil0 str1\" points=\"0.67,0.04 2.9,0.04 2.9,1.15 \"/>\r\n								<g id=\"_2529166579488\">\r\n								<path class=\"fil0 str2\" d=\"M1.01 1.35l0 0.1 0.25 0c0.07,0 0.13,-0.05 0.13,-0.11 0,-0.06 -0.06,-0.11 -0.13,-0.11l-0.14 0c-0.08,0 -0.14,-0.05 -0.14,-0.12 0,-0.06 0.06,-0.11 0.14,-0.11l0.25 0 0 0.1\"/>\r\n								<line class=\"fil0 str2\" x1=\"1.2\" y1=\"1\" x2=\"1.2\" y2= \"0.82\" />\r\n								<line class=\"fil0 str2\" x1=\"1.2\" y1=\"1.63\" x2=\"1.2\" y2= \"1.45\" />\r\n								</g>\r\n								</g>\r\n							</svg> </div>\r\n<div class=\"citizenship__item-text\">\r\n<div class=\"citizenship__item-title\">400 000$</div>\r\n<div class=\"citizenship__item-subtitle\">Asgari yatırım</div>\r\n</div>\r\n</div>\r\n<div class=\"citizenship__content-item\">\r\n<div class=\"citizenship__item-img citizenship__item-limitation\"><svg xmlns=\"http://www.w3.org/2000/svg\" xml:space=\"preserve\" width=\"74px\" height=\"58px\" version=\"1.1\" style=\"shape-rendering:geometricPrecision; text-rendering:geometricPrecision; image-rendering:optimizeQuality; fill-rule:evenodd; clip-rule:evenodd\"\r\n								viewBox=\"0 0 2.96 2.32\"\r\n								xmlns:xlink=\"http://www.w3.org/1999/xlink\">\r\n								<g id=\"Слой_x0020_1\">\r\n								<metadata id=\"CorelCorpID_0Corel-Layer\"/>\r\n								<polygon class=\"fil0 str0\" points=\"2.48,0.64 2.48,2.24 0.08,2.24 0.08,0.64 \"/>\r\n								<polyline class=\"fil0 str1\" points=\"0.32,0.4 2.72,0.4 2.72,2 \"/>\r\n								<path class=\"fil0 str1\" d=\"M1.84 0.84l0 -0.84m-1.12 0.84l0 -0.84\"/>\r\n								<line class=\"fil0 str1\" x1=\"2\" y1=\"1.19\" x2=\"0.56\" y2= \"1.19\" />\r\n								<line class=\"fil0 str1\" x1=\"0.72\" y1=\"1.43\" x2=\"0.56\" y2= \"1.43\" />\r\n								<line class=\"fil0 str1\" x1=\"1.04\" y1=\"1.43\" x2=\"0.88\" y2= \"1.43\" />\r\n								<line class=\"fil0 str1\" x1=\"1.36\" y1=\"1.43\" x2=\"1.2\" y2= \"1.43\" />\r\n								<line class=\"fil0 str1\" x1=\"1.68\" y1=\"1.43\" x2=\"1.52\" y2= \"1.43\" />\r\n								<line class=\"fil0 str1\" x1=\"2\" y1=\"1.43\" x2=\"1.84\" y2= \"1.43\" />\r\n								<line class=\"fil0 str1\" x1=\"0.72\" y1=\"1.63\" x2=\"0.56\" y2= \"1.63\" />\r\n								<line class=\"fil0 str1\" x1=\"1.04\" y1=\"1.63\" x2=\"0.88\" y2= \"1.63\" />\r\n								<line class=\"fil0 str1\" x1=\"1.36\" y1=\"1.63\" x2=\"1.2\" y2= \"1.63\" />\r\n								<line class=\"fil0 str1\" x1=\"1.68\" y1=\"1.63\" x2=\"1.52\" y2= \"1.63\" />\r\n								<line class=\"fil0 str1\" x1=\"2\" y1=\"1.63\" x2=\"1.84\" y2= \"1.63\" />\r\n								<line class=\"fil0 str1\" x1=\"0.72\" y1=\"1.83\" x2=\"0.56\" y2= \"1.83\" />\r\n								<line class=\"fil0 str1\" x1=\"1.04\" y1=\"1.83\" x2=\"0.88\" y2= \"1.83\" />\r\n								<line class=\"fil0 str1\" x1=\"1.36\" y1=\"1.83\" x2=\"1.2\" y2= \"1.83\" />\r\n								<line class=\"fil0 str1\" x1=\"1.68\" y1=\"1.83\" x2=\"1.52\" y2= \"1.83\" />\r\n								<line class=\"fil0 str1\" x1=\"2\" y1=\"1.83\" x2=\"1.84\" y2= \"1.83\" />\r\n								<polyline class=\"fil0 str1\" points=\"0.52,0.2 2.92,0.2 2.92,1.8 \"/>\r\n								</g>\r\n							</svg></div>\r\n<div class=\"citizenship__item-text\">\r\n<div class=\"citizenship__item-title\">3-6 ay</div>\r\n<div class=\"citizenship__item-subtitle\">Kayıt Dönemi</div>\r\n</div>\r\n</div>\r\n<div class=\"citizenship__content-item\">\r\n<div class=\"citizenship__item-img citizenship__item-return\"><svg xmlns=\"http://www.w3.org/2000/svg\" xml:space=\"preserve\" width=\"79px\" height=\"59px\" version=\"1.1\" style=\"shape-rendering:geometricPrecision; text-rendering:geometricPrecision; image-rendering:optimizeQuality; fill-rule:evenodd; clip-rule:evenodd\"\r\n								viewBox=\"0 0 4.79 3.61\"\r\n								xmlns:xlink=\"http://www.w3.org/1999/xlink\">\r\n								<g id=\"Слой_x0020_1\">\r\n								<metadata id=\"CorelCorpID_0Corel-Layer\"/>\r\n								<g id=\"_1267802140304\">\r\n								<path class=\"fil0 str0\" d=\"M1.7 2.21l0 0.16 0.41 0c0.12,0 0.22,-0.08 0.22,-0.18 0,-0.1 -0.1,-0.19 -0.22,-0.19l-0.24 0c-0.11,0 -0.21,-0.08 -0.21,-0.18 0,-0.1 0.1,-0.18 0.21,-0.18l0.42 0 0 0.16\"/>\r\n								<line class=\"fil0 str0\" x1=\"2.02\" y1=\"1.64\" x2=\"2.02\" y2= \"1.34\" />\r\n								<line class=\"fil0 str0\" x1=\"2.02\" y1=\"2.67\" x2=\"2.02\" y2= \"2.37\" />\r\n								</g>\r\n								<line class=\"fil0 str1\" x1=\"0.17\" y1=\"1.03\" x2=\"3.82\" y2= \"1.03\" />\r\n								<polyline class=\"fil0 str1\" points=\"0.72,0.49 0.17,1.03 0.72,1.58 \"/>\r\n								<line class=\"fil0 str1\" x1=\"3.82\" y1=\"2.98\" x2=\"0.17\" y2= \"2.98\" />\r\n								<polyline class=\"fil0 str1\" points=\"3.27,3.52 3.82,2.98 3.27,2.43 \"/>\r\n								<polyline class=\"fil0 str2\" points=\"0.96,0.67 4.12,0.67 4.12,2.49 \"/>\r\n								<polyline class=\"fil0 str2\" points=\"0.9,0.36 4.42,0.36 4.42,2.19 \"/>\r\n								<polyline class=\"fil0 str2\" points=\"1.08,0.06 4.73,0.06 4.73,1.88 \"/>\r\n								</g>\r\n							</svg></div>\r\n<div class=\"citizenship__item-text\">\r\n<div class=\"citizenship__item-title\">3 yıl</div>\r\n<div class=\"citizenship__item-subtitle\">Yatırım getirisi dönemi</div>\r\n</div>\r\n</div>\r\n</div>\r\n</div>\r\n<div class=\"citizenship__footer\">\r\n        <div class=\"citizenship__footer-button\">\r\n            Daha fazla öğrenmek için\r\n        </div>\r\n    </div>\r\n</section>',NULL,'2023-09-22 08:21:49','2023-09-23 00:04:59','VAE','<section class=\"citizenship container\">\r\n<div class=\"citizenship__title title\">Nationalität tr</div>\r\n<div class=\"citizenship__subtitle\">Wir bieten fertige Strategien für Investitionen in ausländische Immobilien</div>\r\n<div class=\"citizenship__content\">\r\n<div class=\"citizenship__content-items\">\r\n<div class=\"citizenship__content-item\">\r\n<div class=\"citizenship__item-img citizenship__item-dollar\"><svg xmlns=\"http://www.w3.org/2000/svg\" xml:space=\"preserve\" width=\"79px\" height=\"51px\" version=\"1.1\" style=\"shape-rendering:geometricPrecision; text-rendering:geometricPrecision; image-rendering:optimizeQuality; fill-rule:evenodd; clip-rule:evenodd\"\r\n								viewBox=\"0 0 2.93 1.89\"\r\n								xmlns:xlink=\"http://www.w3.org/1999/xlink\">\r\n								<g id=\"Слой_x0020_1\">\r\n								<metadata id=\"CorelCorpID_0Corel-Layer\"/>\r\n								<polygon class=\"fil0 str0\" points=\"2.3,0.63 2.3,1.82 0.07,1.82 0.07,0.63 \"/>\r\n								<polyline class=\"fil0 str1\" points=\"0.3,0.41 2.53,0.41 2.53,1.52 \"/>\r\n								<polyline class=\"fil0 str1\" points=\"0.48,0.22 2.71,0.22 2.71,1.34 \"/>\r\n								<polyline class=\"fil0 str1\" points=\"0.67,0.04 2.9,0.04 2.9,1.15 \"/>\r\n								<g id=\"_2529166579488\">\r\n								<path class=\"fil0 str2\" d=\"M1.01 1.35l0 0.1 0.25 0c0.07,0 0.13,-0.05 0.13,-0.11 0,-0.06 -0.06,-0.11 -0.13,-0.11l-0.14 0c-0.08,0 -0.14,-0.05 -0.14,-0.12 0,-0.06 0.06,-0.11 0.14,-0.11l0.25 0 0 0.1\"/>\r\n								<line class=\"fil0 str2\" x1=\"1.2\" y1=\"1\" x2=\"1.2\" y2= \"0.82\" />\r\n								<line class=\"fil0 str2\" x1=\"1.2\" y1=\"1.63\" x2=\"1.2\" y2= \"1.45\" />\r\n								</g>\r\n								</g>\r\n							</svg> </div>\r\n<div class=\"citizenship__item-text\">\r\n<div class=\"citizenship__item-title\">400 000$</div>\r\n<div class=\"citizenship__item-subtitle\">Minimale Investition</div>\r\n</div>\r\n</div>\r\n<div class=\"citizenship__content-item\">\r\n<div class=\"citizenship__item-img citizenship__item-limitation\"><svg xmlns=\"http://www.w3.org/2000/svg\" xml:space=\"preserve\" width=\"74px\" height=\"58px\" version=\"1.1\" style=\"shape-rendering:geometricPrecision; text-rendering:geometricPrecision; image-rendering:optimizeQuality; fill-rule:evenodd; clip-rule:evenodd\"\r\n								viewBox=\"0 0 2.96 2.32\"\r\n								xmlns:xlink=\"http://www.w3.org/1999/xlink\">\r\n								<g id=\"Слой_x0020_1\">\r\n								<metadata id=\"CorelCorpID_0Corel-Layer\"/>\r\n								<polygon class=\"fil0 str0\" points=\"2.48,0.64 2.48,2.24 0.08,2.24 0.08,0.64 \"/>\r\n								<polyline class=\"fil0 str1\" points=\"0.32,0.4 2.72,0.4 2.72,2 \"/>\r\n								<path class=\"fil0 str1\" d=\"M1.84 0.84l0 -0.84m-1.12 0.84l0 -0.84\"/>\r\n								<line class=\"fil0 str1\" x1=\"2\" y1=\"1.19\" x2=\"0.56\" y2= \"1.19\" />\r\n								<line class=\"fil0 str1\" x1=\"0.72\" y1=\"1.43\" x2=\"0.56\" y2= \"1.43\" />\r\n								<line class=\"fil0 str1\" x1=\"1.04\" y1=\"1.43\" x2=\"0.88\" y2= \"1.43\" />\r\n								<line class=\"fil0 str1\" x1=\"1.36\" y1=\"1.43\" x2=\"1.2\" y2= \"1.43\" />\r\n								<line class=\"fil0 str1\" x1=\"1.68\" y1=\"1.43\" x2=\"1.52\" y2= \"1.43\" />\r\n								<line class=\"fil0 str1\" x1=\"2\" y1=\"1.43\" x2=\"1.84\" y2= \"1.43\" />\r\n								<line class=\"fil0 str1\" x1=\"0.72\" y1=\"1.63\" x2=\"0.56\" y2= \"1.63\" />\r\n								<line class=\"fil0 str1\" x1=\"1.04\" y1=\"1.63\" x2=\"0.88\" y2= \"1.63\" />\r\n								<line class=\"fil0 str1\" x1=\"1.36\" y1=\"1.63\" x2=\"1.2\" y2= \"1.63\" />\r\n								<line class=\"fil0 str1\" x1=\"1.68\" y1=\"1.63\" x2=\"1.52\" y2= \"1.63\" />\r\n								<line class=\"fil0 str1\" x1=\"2\" y1=\"1.63\" x2=\"1.84\" y2= \"1.63\" />\r\n								<line class=\"fil0 str1\" x1=\"0.72\" y1=\"1.83\" x2=\"0.56\" y2= \"1.83\" />\r\n								<line class=\"fil0 str1\" x1=\"1.04\" y1=\"1.83\" x2=\"0.88\" y2= \"1.83\" />\r\n								<line class=\"fil0 str1\" x1=\"1.36\" y1=\"1.83\" x2=\"1.2\" y2= \"1.83\" />\r\n								<line class=\"fil0 str1\" x1=\"1.68\" y1=\"1.83\" x2=\"1.52\" y2= \"1.83\" />\r\n								<line class=\"fil0 str1\" x1=\"2\" y1=\"1.83\" x2=\"1.84\" y2= \"1.83\" />\r\n								<polyline class=\"fil0 str1\" points=\"0.52,0.2 2.92,0.2 2.92,1.8 \"/>\r\n								</g>\r\n							</svg></div>\r\n<div class=\"citizenship__item-text\">\r\n<div class=\"citizenship__item-title\">3-6 monate</div>\r\n<div class=\"citizenship__item-subtitle\">Anmeldezeitraum</div>\r\n</div>\r\n</div>\r\n<div class=\"citizenship__content-item\">\r\n<div class=\"citizenship__item-img citizenship__item-return\"><svg xmlns=\"http://www.w3.org/2000/svg\" xml:space=\"preserve\" width=\"79px\" height=\"59px\" version=\"1.1\" style=\"shape-rendering:geometricPrecision; text-rendering:geometricPrecision; image-rendering:optimizeQuality; fill-rule:evenodd; clip-rule:evenodd\"\r\n								viewBox=\"0 0 4.79 3.61\"\r\n								xmlns:xlink=\"http://www.w3.org/1999/xlink\">\r\n								<g id=\"Слой_x0020_1\">\r\n								<metadata id=\"CorelCorpID_0Corel-Layer\"/>\r\n								<g id=\"_1267802140304\">\r\n								<path class=\"fil0 str0\" d=\"M1.7 2.21l0 0.16 0.41 0c0.12,0 0.22,-0.08 0.22,-0.18 0,-0.1 -0.1,-0.19 -0.22,-0.19l-0.24 0c-0.11,0 -0.21,-0.08 -0.21,-0.18 0,-0.1 0.1,-0.18 0.21,-0.18l0.42 0 0 0.16\"/>\r\n								<line class=\"fil0 str0\" x1=\"2.02\" y1=\"1.64\" x2=\"2.02\" y2= \"1.34\" />\r\n								<line class=\"fil0 str0\" x1=\"2.02\" y1=\"2.67\" x2=\"2.02\" y2= \"2.37\" />\r\n								</g>\r\n								<line class=\"fil0 str1\" x1=\"0.17\" y1=\"1.03\" x2=\"3.82\" y2= \"1.03\" />\r\n								<polyline class=\"fil0 str1\" points=\"0.72,0.49 0.17,1.03 0.72,1.58 \"/>\r\n								<line class=\"fil0 str1\" x1=\"3.82\" y1=\"2.98\" x2=\"0.17\" y2= \"2.98\" />\r\n								<polyline class=\"fil0 str1\" points=\"3.27,3.52 3.82,2.98 3.27,2.43 \"/>\r\n								<polyline class=\"fil0 str2\" points=\"0.96,0.67 4.12,0.67 4.12,2.49 \"/>\r\n								<polyline class=\"fil0 str2\" points=\"0.9,0.36 4.42,0.36 4.42,2.19 \"/>\r\n								<polyline class=\"fil0 str2\" points=\"1.08,0.06 4.73,0.06 4.73,1.88 \"/>\r\n								</g>\r\n							</svg></div>\r\n<div class=\"citizenship__item-text\">\r\n<div class=\"citizenship__item-title\">3 Jahre</div>\r\n<div class=\"citizenship__item-subtitle\">Return on Investment Zeitraum</div>\r\n</div>\r\n</div>\r\n</div>\r\n</div>\r\n<div class=\"citizenship__footer\">\r\n        <div class=\"citizenship__footer-button\">\r\n            Um mehr zu lernen\r\n        </div>\r\n    </div>\r\n</section>'),(41,'1','Катар','Qatar','Katar',NULL,'1695463519.png','25.266667','51.516667','<section class=\"citizenship container\">\r\n<div class=\"citizenship__title title\">Гражданство</div>\r\n<div class=\"citizenship__subtitle\">Мы предлагаем готовые стратегии инвестирования в зарубежную недвижимость</div>\r\n<div class=\"citizenship__content\">\r\n<div class=\"citizenship__content-items\">\r\n<div class=\"citizenship__content-item\">\r\n<div class=\"citizenship__item-img citizenship__item-dollar\"><svg xmlns=\"http://www.w3.org/2000/svg\" xml:space=\"preserve\" width=\"79px\" height=\"51px\" version=\"1.1\" style=\"shape-rendering:geometricPrecision; text-rendering:geometricPrecision; image-rendering:optimizeQuality; fill-rule:evenodd; clip-rule:evenodd\"\r\n								viewBox=\"0 0 2.93 1.89\"\r\n								xmlns:xlink=\"http://www.w3.org/1999/xlink\">\r\n								<g id=\"Слой_x0020_1\">\r\n								<metadata id=\"CorelCorpID_0Corel-Layer\"/>\r\n								<polygon class=\"fil0 str0\" points=\"2.3,0.63 2.3,1.82 0.07,1.82 0.07,0.63 \"/>\r\n								<polyline class=\"fil0 str1\" points=\"0.3,0.41 2.53,0.41 2.53,1.52 \"/>\r\n								<polyline class=\"fil0 str1\" points=\"0.48,0.22 2.71,0.22 2.71,1.34 \"/>\r\n								<polyline class=\"fil0 str1\" points=\"0.67,0.04 2.9,0.04 2.9,1.15 \"/>\r\n								<g id=\"_2529166579488\">\r\n								<path class=\"fil0 str2\" d=\"M1.01 1.35l0 0.1 0.25 0c0.07,0 0.13,-0.05 0.13,-0.11 0,-0.06 -0.06,-0.11 -0.13,-0.11l-0.14 0c-0.08,0 -0.14,-0.05 -0.14,-0.12 0,-0.06 0.06,-0.11 0.14,-0.11l0.25 0 0 0.1\"/>\r\n								<line class=\"fil0 str2\" x1=\"1.2\" y1=\"1\" x2=\"1.2\" y2= \"0.82\" />\r\n								<line class=\"fil0 str2\" x1=\"1.2\" y1=\"1.63\" x2=\"1.2\" y2= \"1.45\" />\r\n								</g>\r\n								</g>\r\n							</svg> </div>\r\n<div class=\"citizenship__item-text\">\r\n<div class=\"citizenship__item-title\">400 000$</div>\r\n<div class=\"citizenship__item-subtitle\">Минимальные инвестиции</div>\r\n</div>\r\n</div>\r\n<div class=\"citizenship__content-item\">\r\n<div class=\"citizenship__item-img citizenship__item-limitation\"><svg xmlns=\"http://www.w3.org/2000/svg\" xml:space=\"preserve\" width=\"74px\" height=\"58px\" version=\"1.1\" style=\"shape-rendering:geometricPrecision; text-rendering:geometricPrecision; image-rendering:optimizeQuality; fill-rule:evenodd; clip-rule:evenodd\"\r\n								viewBox=\"0 0 2.96 2.32\"\r\n								xmlns:xlink=\"http://www.w3.org/1999/xlink\">\r\n								<g id=\"Слой_x0020_1\">\r\n								<metadata id=\"CorelCorpID_0Corel-Layer\"/>\r\n								<polygon class=\"fil0 str0\" points=\"2.48,0.64 2.48,2.24 0.08,2.24 0.08,0.64 \"/>\r\n								<polyline class=\"fil0 str1\" points=\"0.32,0.4 2.72,0.4 2.72,2 \"/>\r\n								<path class=\"fil0 str1\" d=\"M1.84 0.84l0 -0.84m-1.12 0.84l0 -0.84\"/>\r\n								<line class=\"fil0 str1\" x1=\"2\" y1=\"1.19\" x2=\"0.56\" y2= \"1.19\" />\r\n								<line class=\"fil0 str1\" x1=\"0.72\" y1=\"1.43\" x2=\"0.56\" y2= \"1.43\" />\r\n								<line class=\"fil0 str1\" x1=\"1.04\" y1=\"1.43\" x2=\"0.88\" y2= \"1.43\" />\r\n								<line class=\"fil0 str1\" x1=\"1.36\" y1=\"1.43\" x2=\"1.2\" y2= \"1.43\" />\r\n								<line class=\"fil0 str1\" x1=\"1.68\" y1=\"1.43\" x2=\"1.52\" y2= \"1.43\" />\r\n								<line class=\"fil0 str1\" x1=\"2\" y1=\"1.43\" x2=\"1.84\" y2= \"1.43\" />\r\n								<line class=\"fil0 str1\" x1=\"0.72\" y1=\"1.63\" x2=\"0.56\" y2= \"1.63\" />\r\n								<line class=\"fil0 str1\" x1=\"1.04\" y1=\"1.63\" x2=\"0.88\" y2= \"1.63\" />\r\n								<line class=\"fil0 str1\" x1=\"1.36\" y1=\"1.63\" x2=\"1.2\" y2= \"1.63\" />\r\n								<line class=\"fil0 str1\" x1=\"1.68\" y1=\"1.63\" x2=\"1.52\" y2= \"1.63\" />\r\n								<line class=\"fil0 str1\" x1=\"2\" y1=\"1.63\" x2=\"1.84\" y2= \"1.63\" />\r\n								<line class=\"fil0 str1\" x1=\"0.72\" y1=\"1.83\" x2=\"0.56\" y2= \"1.83\" />\r\n								<line class=\"fil0 str1\" x1=\"1.04\" y1=\"1.83\" x2=\"0.88\" y2= \"1.83\" />\r\n								<line class=\"fil0 str1\" x1=\"1.36\" y1=\"1.83\" x2=\"1.2\" y2= \"1.83\" />\r\n								<line class=\"fil0 str1\" x1=\"1.68\" y1=\"1.83\" x2=\"1.52\" y2= \"1.83\" />\r\n								<line class=\"fil0 str1\" x1=\"2\" y1=\"1.83\" x2=\"1.84\" y2= \"1.83\" />\r\n								<polyline class=\"fil0 str1\" points=\"0.52,0.2 2.92,0.2 2.92,1.8 \"/>\r\n								</g>\r\n							</svg></div>\r\n<div class=\"citizenship__item-text\">\r\n<div class=\"citizenship__item-title\">3-6 мес.</div>\r\n<div class=\"citizenship__item-subtitle\">Срок оформления</div>\r\n</div>\r\n</div>\r\n<div class=\"citizenship__content-item\">\r\n<div class=\"citizenship__item-img citizenship__item-return\"><svg xmlns=\"http://www.w3.org/2000/svg\" xml:space=\"preserve\" width=\"79px\" height=\"59px\" version=\"1.1\" style=\"shape-rendering:geometricPrecision; text-rendering:geometricPrecision; image-rendering:optimizeQuality; fill-rule:evenodd; clip-rule:evenodd\"\r\n								viewBox=\"0 0 4.79 3.61\"\r\n								xmlns:xlink=\"http://www.w3.org/1999/xlink\">\r\n								<g id=\"Слой_x0020_1\">\r\n								<metadata id=\"CorelCorpID_0Corel-Layer\"/>\r\n								<g id=\"_1267802140304\">\r\n								<path class=\"fil0 str0\" d=\"M1.7 2.21l0 0.16 0.41 0c0.12,0 0.22,-0.08 0.22,-0.18 0,-0.1 -0.1,-0.19 -0.22,-0.19l-0.24 0c-0.11,0 -0.21,-0.08 -0.21,-0.18 0,-0.1 0.1,-0.18 0.21,-0.18l0.42 0 0 0.16\"/>\r\n								<line class=\"fil0 str0\" x1=\"2.02\" y1=\"1.64\" x2=\"2.02\" y2= \"1.34\" />\r\n								<line class=\"fil0 str0\" x1=\"2.02\" y1=\"2.67\" x2=\"2.02\" y2= \"2.37\" />\r\n								</g>\r\n								<line class=\"fil0 str1\" x1=\"0.17\" y1=\"1.03\" x2=\"3.82\" y2= \"1.03\" />\r\n								<polyline class=\"fil0 str1\" points=\"0.72,0.49 0.17,1.03 0.72,1.58 \"/>\r\n								<line class=\"fil0 str1\" x1=\"3.82\" y1=\"2.98\" x2=\"0.17\" y2= \"2.98\" />\r\n								<polyline class=\"fil0 str1\" points=\"3.27,3.52 3.82,2.98 3.27,2.43 \"/>\r\n								<polyline class=\"fil0 str2\" points=\"0.96,0.67 4.12,0.67 4.12,2.49 \"/>\r\n								<polyline class=\"fil0 str2\" points=\"0.9,0.36 4.42,0.36 4.42,2.19 \"/>\r\n								<polyline class=\"fil0 str2\" points=\"1.08,0.06 4.73,0.06 4.73,1.88 \"/>\r\n								</g>\r\n							</svg></div>\r\n<div class=\"citizenship__item-text\">\r\n<div class=\"citizenship__item-title\">3 года</div>\r\n<div class=\"citizenship__item-subtitle\">Срок возврата инвестиций</div>\r\n</div>\r\n</div>\r\n</div>\r\n</div>\r\n<div class=\"citizenship__footer\">\r\n        <div class=\"citizenship__footer-button\">Узнать больше</div>\r\n    </div>\r\n</section>','<section class=\"citizenship container\">\r\n<div class=\"citizenship__title title\">Citizenship</div>\r\n<div class=\"citizenship__subtitle\">We offer ready-made strategies for investing in foreign real estate</div>\r\n<div class=\"citizenship__content\">\r\n<div class=\"citizenship__content-items\">\r\n<div class=\"citizenship__content-item\">\r\n<div class=\"citizenship__item-img citizenship__item-dollar\"><svg xmlns=\"http://www.w3.org/2000/svg\" xml:space=\"preserve\" width=\"79px\" height=\"51px\" version=\"1.1\" style=\"shape-rendering:geometricPrecision; text-rendering:geometricPrecision; image-rendering:optimizeQuality; fill-rule:evenodd; clip-rule:evenodd\"\r\n								viewBox=\"0 0 2.93 1.89\"\r\n								xmlns:xlink=\"http://www.w3.org/1999/xlink\">\r\n								<g id=\"Слой_x0020_1\">\r\n								<metadata id=\"CorelCorpID_0Corel-Layer\"/>\r\n								<polygon class=\"fil0 str0\" points=\"2.3,0.63 2.3,1.82 0.07,1.82 0.07,0.63 \"/>\r\n								<polyline class=\"fil0 str1\" points=\"0.3,0.41 2.53,0.41 2.53,1.52 \"/>\r\n								<polyline class=\"fil0 str1\" points=\"0.48,0.22 2.71,0.22 2.71,1.34 \"/>\r\n								<polyline class=\"fil0 str1\" points=\"0.67,0.04 2.9,0.04 2.9,1.15 \"/>\r\n								<g id=\"_2529166579488\">\r\n								<path class=\"fil0 str2\" d=\"M1.01 1.35l0 0.1 0.25 0c0.07,0 0.13,-0.05 0.13,-0.11 0,-0.06 -0.06,-0.11 -0.13,-0.11l-0.14 0c-0.08,0 -0.14,-0.05 -0.14,-0.12 0,-0.06 0.06,-0.11 0.14,-0.11l0.25 0 0 0.1\"/>\r\n								<line class=\"fil0 str2\" x1=\"1.2\" y1=\"1\" x2=\"1.2\" y2= \"0.82\" />\r\n								<line class=\"fil0 str2\" x1=\"1.2\" y1=\"1.63\" x2=\"1.2\" y2= \"1.45\" />\r\n								</g>\r\n								</g>\r\n							</svg> </div>\r\n<div class=\"citizenship__item-text\">\r\n<div class=\"citizenship__item-title\">400 000$</div>\r\n<div class=\"citizenship__item-subtitle\">Minimum investment</div>\r\n</div>\r\n</div>\r\n<div class=\"citizenship__content-item\">\r\n<div class=\"citizenship__item-img citizenship__item-limitation\"><svg xmlns=\"http://www.w3.org/2000/svg\" xml:space=\"preserve\" width=\"74px\" height=\"58px\" version=\"1.1\" style=\"shape-rendering:geometricPrecision; text-rendering:geometricPrecision; image-rendering:optimizeQuality; fill-rule:evenodd; clip-rule:evenodd\"\r\n								viewBox=\"0 0 2.96 2.32\"\r\n								xmlns:xlink=\"http://www.w3.org/1999/xlink\">\r\n								<g id=\"Слой_x0020_1\">\r\n								<metadata id=\"CorelCorpID_0Corel-Layer\"/>\r\n								<polygon class=\"fil0 str0\" points=\"2.48,0.64 2.48,2.24 0.08,2.24 0.08,0.64 \"/>\r\n								<polyline class=\"fil0 str1\" points=\"0.32,0.4 2.72,0.4 2.72,2 \"/>\r\n								<path class=\"fil0 str1\" d=\"M1.84 0.84l0 -0.84m-1.12 0.84l0 -0.84\"/>\r\n								<line class=\"fil0 str1\" x1=\"2\" y1=\"1.19\" x2=\"0.56\" y2= \"1.19\" />\r\n								<line class=\"fil0 str1\" x1=\"0.72\" y1=\"1.43\" x2=\"0.56\" y2= \"1.43\" />\r\n								<line class=\"fil0 str1\" x1=\"1.04\" y1=\"1.43\" x2=\"0.88\" y2= \"1.43\" />\r\n								<line class=\"fil0 str1\" x1=\"1.36\" y1=\"1.43\" x2=\"1.2\" y2= \"1.43\" />\r\n								<line class=\"fil0 str1\" x1=\"1.68\" y1=\"1.43\" x2=\"1.52\" y2= \"1.43\" />\r\n								<line class=\"fil0 str1\" x1=\"2\" y1=\"1.43\" x2=\"1.84\" y2= \"1.43\" />\r\n								<line class=\"fil0 str1\" x1=\"0.72\" y1=\"1.63\" x2=\"0.56\" y2= \"1.63\" />\r\n								<line class=\"fil0 str1\" x1=\"1.04\" y1=\"1.63\" x2=\"0.88\" y2= \"1.63\" />\r\n								<line class=\"fil0 str1\" x1=\"1.36\" y1=\"1.63\" x2=\"1.2\" y2= \"1.63\" />\r\n								<line class=\"fil0 str1\" x1=\"1.68\" y1=\"1.63\" x2=\"1.52\" y2= \"1.63\" />\r\n								<line class=\"fil0 str1\" x1=\"2\" y1=\"1.63\" x2=\"1.84\" y2= \"1.63\" />\r\n								<line class=\"fil0 str1\" x1=\"0.72\" y1=\"1.83\" x2=\"0.56\" y2= \"1.83\" />\r\n								<line class=\"fil0 str1\" x1=\"1.04\" y1=\"1.83\" x2=\"0.88\" y2= \"1.83\" />\r\n								<line class=\"fil0 str1\" x1=\"1.36\" y1=\"1.83\" x2=\"1.2\" y2= \"1.83\" />\r\n								<line class=\"fil0 str1\" x1=\"1.68\" y1=\"1.83\" x2=\"1.52\" y2= \"1.83\" />\r\n								<line class=\"fil0 str1\" x1=\"2\" y1=\"1.83\" x2=\"1.84\" y2= \"1.83\" />\r\n								<polyline class=\"fil0 str1\" points=\"0.52,0.2 2.92,0.2 2.92,1.8 \"/>\r\n								</g>\r\n							</svg></div>\r\n<div class=\"citizenship__item-text\">\r\n<div class=\"citizenship__item-title\">3-6 mon.</div>\r\n<div class=\"citizenship__item-subtitle\">Registration deadline</div>\r\n</div>\r\n</div>\r\n<div class=\"citizenship__content-item\">\r\n<div class=\"citizenship__item-img citizenship__item-return\"><svg xmlns=\"http://www.w3.org/2000/svg\" xml:space=\"preserve\" width=\"79px\" height=\"59px\" version=\"1.1\" style=\"shape-rendering:geometricPrecision; text-rendering:geometricPrecision; image-rendering:optimizeQuality; fill-rule:evenodd; clip-rule:evenodd\"\r\n								viewBox=\"0 0 4.79 3.61\"\r\n								xmlns:xlink=\"http://www.w3.org/1999/xlink\">\r\n								<g id=\"Слой_x0020_1\">\r\n								<metadata id=\"CorelCorpID_0Corel-Layer\"/>\r\n								<g id=\"_1267802140304\">\r\n								<path class=\"fil0 str0\" d=\"M1.7 2.21l0 0.16 0.41 0c0.12,0 0.22,-0.08 0.22,-0.18 0,-0.1 -0.1,-0.19 -0.22,-0.19l-0.24 0c-0.11,0 -0.21,-0.08 -0.21,-0.18 0,-0.1 0.1,-0.18 0.21,-0.18l0.42 0 0 0.16\"/>\r\n								<line class=\"fil0 str0\" x1=\"2.02\" y1=\"1.64\" x2=\"2.02\" y2= \"1.34\" />\r\n								<line class=\"fil0 str0\" x1=\"2.02\" y1=\"2.67\" x2=\"2.02\" y2= \"2.37\" />\r\n								</g>\r\n								<line class=\"fil0 str1\" x1=\"0.17\" y1=\"1.03\" x2=\"3.82\" y2= \"1.03\" />\r\n								<polyline class=\"fil0 str1\" points=\"0.72,0.49 0.17,1.03 0.72,1.58 \"/>\r\n								<line class=\"fil0 str1\" x1=\"3.82\" y1=\"2.98\" x2=\"0.17\" y2= \"2.98\" />\r\n								<polyline class=\"fil0 str1\" points=\"3.27,3.52 3.82,2.98 3.27,2.43 \"/>\r\n								<polyline class=\"fil0 str2\" points=\"0.96,0.67 4.12,0.67 4.12,2.49 \"/>\r\n								<polyline class=\"fil0 str2\" points=\"0.9,0.36 4.42,0.36 4.42,2.19 \"/>\r\n								<polyline class=\"fil0 str2\" points=\"1.08,0.06 4.73,0.06 4.73,1.88 \"/>\r\n								</g>\r\n							</svg></div>\r\n<div class=\"citizenship__item-text\">\r\n<div class=\"citizenship__item-title\">3 years</div>\r\n<div class=\"citizenship__item-subtitle\">Return on investment period</div>\r\n</div>\r\n</div>\r\n</div>\r\n</div>\r\n<div class=\"citizenship__footer\">\r\n<div class=\"citizenship__footer\">\r\n        <div class=\"citizenship__footer-button\">Learn more</div>\r\n    </div>\r\n</section>','<section class=\"citizenship container\">\r\n<div class=\"citizenship__title title\">Vatandaşlık</div>\r\n<div class=\"citizenship__subtitle\">Yabancı gayrimenkul yatırımlarına yönelik hazır stratejiler sunuyoruz</div>\r\n<div class=\"citizenship__content\">\r\n<div class=\"citizenship__content-items\">\r\n<div class=\"citizenship__content-item\">\r\n<div class=\"citizenship__item-img citizenship__item-dollar\"><svg xmlns=\"http://www.w3.org/2000/svg\" xml:space=\"preserve\" width=\"79px\" height=\"51px\" version=\"1.1\" style=\"shape-rendering:geometricPrecision; text-rendering:geometricPrecision; image-rendering:optimizeQuality; fill-rule:evenodd; clip-rule:evenodd\"\r\n								viewBox=\"0 0 2.93 1.89\"\r\n								xmlns:xlink=\"http://www.w3.org/1999/xlink\">\r\n								<g id=\"Слой_x0020_1\">\r\n								<metadata id=\"CorelCorpID_0Corel-Layer\"/>\r\n								<polygon class=\"fil0 str0\" points=\"2.3,0.63 2.3,1.82 0.07,1.82 0.07,0.63 \"/>\r\n								<polyline class=\"fil0 str1\" points=\"0.3,0.41 2.53,0.41 2.53,1.52 \"/>\r\n								<polyline class=\"fil0 str1\" points=\"0.48,0.22 2.71,0.22 2.71,1.34 \"/>\r\n								<polyline class=\"fil0 str1\" points=\"0.67,0.04 2.9,0.04 2.9,1.15 \"/>\r\n								<g id=\"_2529166579488\">\r\n								<path class=\"fil0 str2\" d=\"M1.01 1.35l0 0.1 0.25 0c0.07,0 0.13,-0.05 0.13,-0.11 0,-0.06 -0.06,-0.11 -0.13,-0.11l-0.14 0c-0.08,0 -0.14,-0.05 -0.14,-0.12 0,-0.06 0.06,-0.11 0.14,-0.11l0.25 0 0 0.1\"/>\r\n								<line class=\"fil0 str2\" x1=\"1.2\" y1=\"1\" x2=\"1.2\" y2= \"0.82\" />\r\n								<line class=\"fil0 str2\" x1=\"1.2\" y1=\"1.63\" x2=\"1.2\" y2= \"1.45\" />\r\n								</g>\r\n								</g>\r\n							</svg> </div>\r\n<div class=\"citizenship__item-text\">\r\n<div class=\"citizenship__item-title\">400 000$</div>\r\n<div class=\"citizenship__item-subtitle\">Asgari yatırım</div>\r\n</div>\r\n</div>\r\n<div class=\"citizenship__content-item\">\r\n<div class=\"citizenship__item-img citizenship__item-limitation\"><svg xmlns=\"http://www.w3.org/2000/svg\" xml:space=\"preserve\" width=\"74px\" height=\"58px\" version=\"1.1\" style=\"shape-rendering:geometricPrecision; text-rendering:geometricPrecision; image-rendering:optimizeQuality; fill-rule:evenodd; clip-rule:evenodd\"\r\n								viewBox=\"0 0 2.96 2.32\"\r\n								xmlns:xlink=\"http://www.w3.org/1999/xlink\">\r\n								<g id=\"Слой_x0020_1\">\r\n								<metadata id=\"CorelCorpID_0Corel-Layer\"/>\r\n								<polygon class=\"fil0 str0\" points=\"2.48,0.64 2.48,2.24 0.08,2.24 0.08,0.64 \"/>\r\n								<polyline class=\"fil0 str1\" points=\"0.32,0.4 2.72,0.4 2.72,2 \"/>\r\n								<path class=\"fil0 str1\" d=\"M1.84 0.84l0 -0.84m-1.12 0.84l0 -0.84\"/>\r\n								<line class=\"fil0 str1\" x1=\"2\" y1=\"1.19\" x2=\"0.56\" y2= \"1.19\" />\r\n								<line class=\"fil0 str1\" x1=\"0.72\" y1=\"1.43\" x2=\"0.56\" y2= \"1.43\" />\r\n								<line class=\"fil0 str1\" x1=\"1.04\" y1=\"1.43\" x2=\"0.88\" y2= \"1.43\" />\r\n								<line class=\"fil0 str1\" x1=\"1.36\" y1=\"1.43\" x2=\"1.2\" y2= \"1.43\" />\r\n								<line class=\"fil0 str1\" x1=\"1.68\" y1=\"1.43\" x2=\"1.52\" y2= \"1.43\" />\r\n								<line class=\"fil0 str1\" x1=\"2\" y1=\"1.43\" x2=\"1.84\" y2= \"1.43\" />\r\n								<line class=\"fil0 str1\" x1=\"0.72\" y1=\"1.63\" x2=\"0.56\" y2= \"1.63\" />\r\n								<line class=\"fil0 str1\" x1=\"1.04\" y1=\"1.63\" x2=\"0.88\" y2= \"1.63\" />\r\n								<line class=\"fil0 str1\" x1=\"1.36\" y1=\"1.63\" x2=\"1.2\" y2= \"1.63\" />\r\n								<line class=\"fil0 str1\" x1=\"1.68\" y1=\"1.63\" x2=\"1.52\" y2= \"1.63\" />\r\n								<line class=\"fil0 str1\" x1=\"2\" y1=\"1.63\" x2=\"1.84\" y2= \"1.63\" />\r\n								<line class=\"fil0 str1\" x1=\"0.72\" y1=\"1.83\" x2=\"0.56\" y2= \"1.83\" />\r\n								<line class=\"fil0 str1\" x1=\"1.04\" y1=\"1.83\" x2=\"0.88\" y2= \"1.83\" />\r\n								<line class=\"fil0 str1\" x1=\"1.36\" y1=\"1.83\" x2=\"1.2\" y2= \"1.83\" />\r\n								<line class=\"fil0 str1\" x1=\"1.68\" y1=\"1.83\" x2=\"1.52\" y2= \"1.83\" />\r\n								<line class=\"fil0 str1\" x1=\"2\" y1=\"1.83\" x2=\"1.84\" y2= \"1.83\" />\r\n								<polyline class=\"fil0 str1\" points=\"0.52,0.2 2.92,0.2 2.92,1.8 \"/>\r\n								</g>\r\n							</svg></div>\r\n<div class=\"citizenship__item-text\">\r\n<div class=\"citizenship__item-title\">3-6 ay</div>\r\n<div class=\"citizenship__item-subtitle\">Kayıt Dönemi</div>\r\n</div>\r\n</div>\r\n<div class=\"citizenship__content-item\">\r\n<div class=\"citizenship__item-img citizenship__item-return\"><svg xmlns=\"http://www.w3.org/2000/svg\" xml:space=\"preserve\" width=\"79px\" height=\"59px\" version=\"1.1\" style=\"shape-rendering:geometricPrecision; text-rendering:geometricPrecision; image-rendering:optimizeQuality; fill-rule:evenodd; clip-rule:evenodd\"\r\n								viewBox=\"0 0 4.79 3.61\"\r\n								xmlns:xlink=\"http://www.w3.org/1999/xlink\">\r\n								<g id=\"Слой_x0020_1\">\r\n								<metadata id=\"CorelCorpID_0Corel-Layer\"/>\r\n								<g id=\"_1267802140304\">\r\n								<path class=\"fil0 str0\" d=\"M1.7 2.21l0 0.16 0.41 0c0.12,0 0.22,-0.08 0.22,-0.18 0,-0.1 -0.1,-0.19 -0.22,-0.19l-0.24 0c-0.11,0 -0.21,-0.08 -0.21,-0.18 0,-0.1 0.1,-0.18 0.21,-0.18l0.42 0 0 0.16\"/>\r\n								<line class=\"fil0 str0\" x1=\"2.02\" y1=\"1.64\" x2=\"2.02\" y2= \"1.34\" />\r\n								<line class=\"fil0 str0\" x1=\"2.02\" y1=\"2.67\" x2=\"2.02\" y2= \"2.37\" />\r\n								</g>\r\n								<line class=\"fil0 str1\" x1=\"0.17\" y1=\"1.03\" x2=\"3.82\" y2= \"1.03\" />\r\n								<polyline class=\"fil0 str1\" points=\"0.72,0.49 0.17,1.03 0.72,1.58 \"/>\r\n								<line class=\"fil0 str1\" x1=\"3.82\" y1=\"2.98\" x2=\"0.17\" y2= \"2.98\" />\r\n								<polyline class=\"fil0 str1\" points=\"3.27,3.52 3.82,2.98 3.27,2.43 \"/>\r\n								<polyline class=\"fil0 str2\" points=\"0.96,0.67 4.12,0.67 4.12,2.49 \"/>\r\n								<polyline class=\"fil0 str2\" points=\"0.9,0.36 4.42,0.36 4.42,2.19 \"/>\r\n								<polyline class=\"fil0 str2\" points=\"1.08,0.06 4.73,0.06 4.73,1.88 \"/>\r\n								</g>\r\n							</svg></div>\r\n<div class=\"citizenship__item-text\">\r\n<div class=\"citizenship__item-title\">3 yıl</div>\r\n<div class=\"citizenship__item-subtitle\">Yatırım getirisi dönemi</div>\r\n</div>\r\n</div>\r\n</div>\r\n</div>\r\n<div class=\"citizenship__footer\">\r\n        <div class=\"citizenship__footer-button\">\r\n            Daha fazla öğrenmek için\r\n        </div>\r\n    </div>\r\n</section>',NULL,'2023-09-22 08:27:04','2023-09-23 10:05:19','Katar','<section class=\"citizenship container\">\r\n<div class=\"citizenship__title title\">Nationalität tr</div>\r\n<div class=\"citizenship__subtitle\">Wir bieten fertige Strategien für Investitionen in ausländische Immobilien</div>\r\n<div class=\"citizenship__content\">\r\n<div class=\"citizenship__content-items\">\r\n<div class=\"citizenship__content-item\">\r\n<div class=\"citizenship__item-img citizenship__item-dollar\"><svg xmlns=\"http://www.w3.org/2000/svg\" xml:space=\"preserve\" width=\"79px\" height=\"51px\" version=\"1.1\" style=\"shape-rendering:geometricPrecision; text-rendering:geometricPrecision; image-rendering:optimizeQuality; fill-rule:evenodd; clip-rule:evenodd\"\r\n								viewBox=\"0 0 2.93 1.89\"\r\n								xmlns:xlink=\"http://www.w3.org/1999/xlink\">\r\n								<g id=\"Слой_x0020_1\">\r\n								<metadata id=\"CorelCorpID_0Corel-Layer\"/>\r\n								<polygon class=\"fil0 str0\" points=\"2.3,0.63 2.3,1.82 0.07,1.82 0.07,0.63 \"/>\r\n								<polyline class=\"fil0 str1\" points=\"0.3,0.41 2.53,0.41 2.53,1.52 \"/>\r\n								<polyline class=\"fil0 str1\" points=\"0.48,0.22 2.71,0.22 2.71,1.34 \"/>\r\n								<polyline class=\"fil0 str1\" points=\"0.67,0.04 2.9,0.04 2.9,1.15 \"/>\r\n								<g id=\"_2529166579488\">\r\n								<path class=\"fil0 str2\" d=\"M1.01 1.35l0 0.1 0.25 0c0.07,0 0.13,-0.05 0.13,-0.11 0,-0.06 -0.06,-0.11 -0.13,-0.11l-0.14 0c-0.08,0 -0.14,-0.05 -0.14,-0.12 0,-0.06 0.06,-0.11 0.14,-0.11l0.25 0 0 0.1\"/>\r\n								<line class=\"fil0 str2\" x1=\"1.2\" y1=\"1\" x2=\"1.2\" y2= \"0.82\" />\r\n								<line class=\"fil0 str2\" x1=\"1.2\" y1=\"1.63\" x2=\"1.2\" y2= \"1.45\" />\r\n								</g>\r\n								</g>\r\n							</svg> </div>\r\n<div class=\"citizenship__item-text\">\r\n<div class=\"citizenship__item-title\">400 000$</div>\r\n<div class=\"citizenship__item-subtitle\">Minimale Investition</div>\r\n</div>\r\n</div>\r\n<div class=\"citizenship__content-item\">\r\n<div class=\"citizenship__item-img citizenship__item-limitation\"><svg xmlns=\"http://www.w3.org/2000/svg\" xml:space=\"preserve\" width=\"74px\" height=\"58px\" version=\"1.1\" style=\"shape-rendering:geometricPrecision; text-rendering:geometricPrecision; image-rendering:optimizeQuality; fill-rule:evenodd; clip-rule:evenodd\"\r\n								viewBox=\"0 0 2.96 2.32\"\r\n								xmlns:xlink=\"http://www.w3.org/1999/xlink\">\r\n								<g id=\"Слой_x0020_1\">\r\n								<metadata id=\"CorelCorpID_0Corel-Layer\"/>\r\n								<polygon class=\"fil0 str0\" points=\"2.48,0.64 2.48,2.24 0.08,2.24 0.08,0.64 \"/>\r\n								<polyline class=\"fil0 str1\" points=\"0.32,0.4 2.72,0.4 2.72,2 \"/>\r\n								<path class=\"fil0 str1\" d=\"M1.84 0.84l0 -0.84m-1.12 0.84l0 -0.84\"/>\r\n								<line class=\"fil0 str1\" x1=\"2\" y1=\"1.19\" x2=\"0.56\" y2= \"1.19\" />\r\n								<line class=\"fil0 str1\" x1=\"0.72\" y1=\"1.43\" x2=\"0.56\" y2= \"1.43\" />\r\n								<line class=\"fil0 str1\" x1=\"1.04\" y1=\"1.43\" x2=\"0.88\" y2= \"1.43\" />\r\n								<line class=\"fil0 str1\" x1=\"1.36\" y1=\"1.43\" x2=\"1.2\" y2= \"1.43\" />\r\n								<line class=\"fil0 str1\" x1=\"1.68\" y1=\"1.43\" x2=\"1.52\" y2= \"1.43\" />\r\n								<line class=\"fil0 str1\" x1=\"2\" y1=\"1.43\" x2=\"1.84\" y2= \"1.43\" />\r\n								<line class=\"fil0 str1\" x1=\"0.72\" y1=\"1.63\" x2=\"0.56\" y2= \"1.63\" />\r\n								<line class=\"fil0 str1\" x1=\"1.04\" y1=\"1.63\" x2=\"0.88\" y2= \"1.63\" />\r\n								<line class=\"fil0 str1\" x1=\"1.36\" y1=\"1.63\" x2=\"1.2\" y2= \"1.63\" />\r\n								<line class=\"fil0 str1\" x1=\"1.68\" y1=\"1.63\" x2=\"1.52\" y2= \"1.63\" />\r\n								<line class=\"fil0 str1\" x1=\"2\" y1=\"1.63\" x2=\"1.84\" y2= \"1.63\" />\r\n								<line class=\"fil0 str1\" x1=\"0.72\" y1=\"1.83\" x2=\"0.56\" y2= \"1.83\" />\r\n								<line class=\"fil0 str1\" x1=\"1.04\" y1=\"1.83\" x2=\"0.88\" y2= \"1.83\" />\r\n								<line class=\"fil0 str1\" x1=\"1.36\" y1=\"1.83\" x2=\"1.2\" y2= \"1.83\" />\r\n								<line class=\"fil0 str1\" x1=\"1.68\" y1=\"1.83\" x2=\"1.52\" y2= \"1.83\" />\r\n								<line class=\"fil0 str1\" x1=\"2\" y1=\"1.83\" x2=\"1.84\" y2= \"1.83\" />\r\n								<polyline class=\"fil0 str1\" points=\"0.52,0.2 2.92,0.2 2.92,1.8 \"/>\r\n								</g>\r\n							</svg></div>\r\n<div class=\"citizenship__item-text\">\r\n<div class=\"citizenship__item-title\">3-6 monate</div>\r\n<div class=\"citizenship__item-subtitle\">Anmeldezeitraum</div>\r\n</div>\r\n</div>\r\n<div class=\"citizenship__content-item\">\r\n<div class=\"citizenship__item-img citizenship__item-return\"><svg xmlns=\"http://www.w3.org/2000/svg\" xml:space=\"preserve\" width=\"79px\" height=\"59px\" version=\"1.1\" style=\"shape-rendering:geometricPrecision; text-rendering:geometricPrecision; image-rendering:optimizeQuality; fill-rule:evenodd; clip-rule:evenodd\"\r\n								viewBox=\"0 0 4.79 3.61\"\r\n								xmlns:xlink=\"http://www.w3.org/1999/xlink\">\r\n								<g id=\"Слой_x0020_1\">\r\n								<metadata id=\"CorelCorpID_0Corel-Layer\"/>\r\n								<g id=\"_1267802140304\">\r\n								<path class=\"fil0 str0\" d=\"M1.7 2.21l0 0.16 0.41 0c0.12,0 0.22,-0.08 0.22,-0.18 0,-0.1 -0.1,-0.19 -0.22,-0.19l-0.24 0c-0.11,0 -0.21,-0.08 -0.21,-0.18 0,-0.1 0.1,-0.18 0.21,-0.18l0.42 0 0 0.16\"/>\r\n								<line class=\"fil0 str0\" x1=\"2.02\" y1=\"1.64\" x2=\"2.02\" y2= \"1.34\" />\r\n								<line class=\"fil0 str0\" x1=\"2.02\" y1=\"2.67\" x2=\"2.02\" y2= \"2.37\" />\r\n								</g>\r\n								<line class=\"fil0 str1\" x1=\"0.17\" y1=\"1.03\" x2=\"3.82\" y2= \"1.03\" />\r\n								<polyline class=\"fil0 str1\" points=\"0.72,0.49 0.17,1.03 0.72,1.58 \"/>\r\n								<line class=\"fil0 str1\" x1=\"3.82\" y1=\"2.98\" x2=\"0.17\" y2= \"2.98\" />\r\n								<polyline class=\"fil0 str1\" points=\"3.27,3.52 3.82,2.98 3.27,2.43 \"/>\r\n								<polyline class=\"fil0 str2\" points=\"0.96,0.67 4.12,0.67 4.12,2.49 \"/>\r\n								<polyline class=\"fil0 str2\" points=\"0.9,0.36 4.42,0.36 4.42,2.19 \"/>\r\n								<polyline class=\"fil0 str2\" points=\"1.08,0.06 4.73,0.06 4.73,1.88 \"/>\r\n								</g>\r\n							</svg></div>\r\n<div class=\"citizenship__item-text\">\r\n<div class=\"citizenship__item-title\">3 Jahre</div>\r\n<div class=\"citizenship__item-subtitle\">Return on Investment Zeitraum</div>\r\n</div>\r\n</div>\r\n</div>\r\n</div>\r\n<div class=\"citizenship__footer\">\r\n        <div class=\"citizenship__footer-button\">\r\n            Um mehr zu lernen\r\n        </div>\r\n    </div>\r\n</section>');
/*!40000 ALTER TABLE `country_and_cities` ENABLE KEYS */;
UNLOCK TABLES;

--
-- Table structure for table `exchange_rates`
--

DROP TABLE IF EXISTS `exchange_rates`;
/*!40101 SET @saved_cs_client     = @@character_set_client */;
/*!50503 SET character_set_client = utf8mb4 */;
CREATE TABLE `exchange_rates` (
  `id` bigint unsigned NOT NULL AUTO_INCREMENT,
  `direct` varchar(255) COLLATE utf8mb4_unicode_ci NOT NULL,
  `relative` varchar(255) COLLATE utf8mb4_unicode_ci NOT NULL,
  `value` decimal(10,6) NOT NULL,
  `created_at` timestamp NULL DEFAULT NULL,
  `updated_at` timestamp NULL DEFAULT NULL,
  PRIMARY KEY (`id`)
) ENGINE=InnoDB AUTO_INCREMENT=4 DEFAULT CHARSET=utf8mb4 COLLATE=utf8mb4_unicode_ci;
/*!40101 SET character_set_client = @saved_cs_client */;

--
-- Dumping data for table `exchange_rates`
--

LOCK TABLES `exchange_rates` WRITE;
/*!40000 ALTER TABLE `exchange_rates` DISABLE KEYS */;
INSERT INTO `exchange_rates` VALUES (1,'RUB','TRY',0.280000,'2023-08-03 16:19:47','2023-09-21 16:45:22'),(2,'RUB','USD',0.010000,'2023-08-03 16:20:02','2023-09-21 16:45:03'),(3,'RUB','EUR',0.010000,'2023-08-03 16:20:19','2023-09-23 14:24:06');
/*!40000 ALTER TABLE `exchange_rates` ENABLE KEYS */;
UNLOCK TABLES;

--
-- Table structure for table `failed_jobs`
--

DROP TABLE IF EXISTS `failed_jobs`;
/*!40101 SET @saved_cs_client     = @@character_set_client */;
/*!50503 SET character_set_client = utf8mb4 */;
CREATE TABLE `failed_jobs` (
  `id` bigint unsigned NOT NULL AUTO_INCREMENT,
  `uuid` varchar(255) COLLATE utf8mb4_unicode_ci NOT NULL,
  `connection` text COLLATE utf8mb4_unicode_ci NOT NULL,
  `queue` text COLLATE utf8mb4_unicode_ci NOT NULL,
  `payload` longtext COLLATE utf8mb4_unicode_ci NOT NULL,
  `exception` longtext COLLATE utf8mb4_unicode_ci NOT NULL,
  `failed_at` timestamp NOT NULL DEFAULT CURRENT_TIMESTAMP,
  PRIMARY KEY (`id`),
  UNIQUE KEY `failed_jobs_uuid_unique` (`uuid`)
) ENGINE=InnoDB DEFAULT CHARSET=utf8mb4 COLLATE=utf8mb4_unicode_ci;
/*!40101 SET character_set_client = @saved_cs_client */;

--
-- Dumping data for table `failed_jobs`
--

LOCK TABLES `failed_jobs` WRITE;
/*!40000 ALTER TABLE `failed_jobs` DISABLE KEYS */;
/*!40000 ALTER TABLE `failed_jobs` ENABLE KEYS */;
UNLOCK TABLES;

--
-- Table structure for table `favorites`
--

DROP TABLE IF EXISTS `favorites`;
/*!40101 SET @saved_cs_client     = @@character_set_client */;
/*!50503 SET character_set_client = utf8mb4 */;
CREATE TABLE `favorites` (
  `id` bigint unsigned NOT NULL AUTO_INCREMENT,
  `user_id` bigint unsigned DEFAULT NULL,
  `product_id` bigint unsigned DEFAULT NULL,
  `created_at` timestamp NULL DEFAULT NULL,
  `updated_at` timestamp NULL DEFAULT NULL,
  PRIMARY KEY (`id`),
  KEY `favorites_product_id_foreign` (`product_id`),
  CONSTRAINT `favorites_product_id_foreign` FOREIGN KEY (`product_id`) REFERENCES `products` (`id`) ON DELETE CASCADE
) ENGINE=InnoDB AUTO_INCREMENT=209 DEFAULT CHARSET=utf8mb4 COLLATE=utf8mb4_unicode_ci;
/*!40101 SET character_set_client = @saved_cs_client */;

--
-- Dumping data for table `favorites`
--

LOCK TABLES `favorites` WRITE;
/*!40000 ALTER TABLE `favorites` DISABLE KEYS */;
INSERT INTO `favorites` VALUES (111,1689754287,15,'2023-07-31 13:50:37','2023-07-31 13:50:37'),(133,1690298801,15,'2023-08-02 19:12:33','2023-08-02 19:12:33'),(140,1691175763,17,'2023-08-04 19:03:03','2023-08-04 19:03:03'),(141,1691487493,19,'2023-08-08 09:41:10','2023-08-08 09:41:10'),(142,1691490639,19,'2023-08-08 10:30:47','2023-08-08 10:30:47'),(143,1691490689,18,'2023-08-08 10:31:56','2023-08-08 10:31:56'),(144,1689754287,22,'2023-08-08 11:11:38','2023-08-08 11:11:38'),(154,1691493121,21,'2023-08-11 09:04:54','2023-08-11 09:04:54'),(158,1690830138,18,'2023-08-11 20:58:25','2023-08-11 20:58:25'),(161,1691748318,18,'2023-08-14 12:57:08','2023-08-14 12:57:08'),(162,1691748318,19,'2023-08-14 12:57:10','2023-08-14 12:57:10'),(163,1691748318,17,'2023-08-14 12:57:12','2023-08-14 12:57:12'),(165,1690298801,19,'2023-08-16 11:22:04','2023-08-16 11:22:04'),(172,1692300851,16,'2023-08-17 19:34:25','2023-08-17 19:34:25'),(174,1692355955,22,'2023-08-18 10:53:09','2023-08-18 10:53:09'),(177,1692966845,16,'2023-08-25 12:35:32','2023-08-25 12:35:32'),(182,1693912443,22,'2023-09-06 13:49:55','2023-09-06 13:49:55'),(185,1690973379,15,'2023-09-12 18:06:22','2023-09-12 18:06:22'),(186,1690973379,16,'2023-09-12 18:06:24','2023-09-12 18:06:24'),(191,1690830138,16,'2023-09-21 21:10:45','2023-09-21 21:10:45'),(192,1691748318,21,'2023-09-22 14:06:58','2023-09-22 14:06:58'),(193,1691748318,23,'2023-09-22 14:07:02','2023-09-22 14:07:02'),(194,1693912443,16,'2023-09-22 20:03:53','2023-09-22 20:03:53'),(195,1693912443,17,'2023-09-22 20:03:54','2023-09-22 20:03:54'),(196,1693912443,18,'2023-09-22 20:03:55','2023-09-22 20:03:55'),(197,1693912443,20,'2023-09-22 20:03:56','2023-09-22 20:03:56'),(198,1693912443,21,'2023-09-22 20:03:58','2023-09-22 20:03:58'),(199,1693912443,23,'2023-09-22 20:03:59','2023-09-22 20:03:59'),(200,1693912443,24,'2023-09-22 20:04:00','2023-09-22 20:04:00'),(201,1693912443,25,'2023-09-22 20:04:02','2023-09-22 20:04:02'),(202,1693912443,26,'2023-09-22 20:04:03','2023-09-22 20:04:03'),(203,1693912443,29,'2023-09-22 20:04:08','2023-09-22 20:04:08'),(204,1693912443,28,'2023-09-22 20:04:09','2023-09-22 20:04:09'),(205,1695464561,18,'2023-09-23 10:23:42','2023-09-23 10:23:42'),(207,1693673016,24,'2023-09-23 12:36:50','2023-09-23 12:36:50'),(208,1689754287,23,'2023-09-23 21:12:57','2023-09-23 21:12:57');
/*!40000 ALTER TABLE `favorites` ENABLE KEYS */;
UNLOCK TABLES;

--
-- Table structure for table `flats_requests`
--

DROP TABLE IF EXISTS `flats_requests`;
/*!40101 SET @saved_cs_client     = @@character_set_client */;
/*!50503 SET character_set_client = utf8mb4 */;
CREATE TABLE `flats_requests` (
  `id` bigint unsigned NOT NULL AUTO_INCREMENT,
  `phone` varchar(255) COLLATE utf8mb4_unicode_ci NOT NULL,
  `first_name` varchar(255) COLLATE utf8mb4_unicode_ci DEFAULT NULL,
  `last_name` varchar(255) COLLATE utf8mb4_unicode_ci DEFAULT NULL,
  `middle_name` varchar(255) COLLATE utf8mb4_unicode_ci DEFAULT NULL,
  `birth_date` datetime DEFAULT NULL,
  `age` int DEFAULT NULL,
  `ip` varchar(255) COLLATE utf8mb4_unicode_ci DEFAULT NULL,
  `utm_source` varchar(255) COLLATE utf8mb4_unicode_ci DEFAULT NULL,
  `utm_medium` varchar(255) COLLATE utf8mb4_unicode_ci DEFAULT NULL,
  `utm_campaign` varchar(255) COLLATE utf8mb4_unicode_ci DEFAULT NULL,
  `utm_term` varchar(255) COLLATE utf8mb4_unicode_ci DEFAULT NULL,
  `utm_content` varchar(255) COLLATE utf8mb4_unicode_ci DEFAULT NULL,
  `referer` varchar(255) COLLATE utf8mb4_unicode_ci DEFAULT NULL,
  `created_at` timestamp NULL DEFAULT NULL,
  `updated_at` timestamp NULL DEFAULT NULL,
  PRIMARY KEY (`id`)
) ENGINE=InnoDB AUTO_INCREMENT=8 DEFAULT CHARSET=utf8mb4 COLLATE=utf8mb4_unicode_ci;
/*!40101 SET character_set_client = @saved_cs_client */;

--
-- Dumping data for table `flats_requests`
--

LOCK TABLES `flats_requests` WRITE;
/*!40000 ALTER TABLE `flats_requests` DISABLE KEYS */;
INSERT INTO `flats_requests` VALUES (1,'79992223344','Тестовыйпользователь',NULL,NULL,NULL,NULL,NULL,NULL,NULL,NULL,NULL,'type: Студия\ndate-to-buy: Пока не решил(а)\nbudget: До $100 000\n',NULL,'2023-08-02 15:41:27','2023-08-02 15:41:27'),(2,'79508883322','Test',NULL,NULL,NULL,NULL,NULL,NULL,NULL,NULL,NULL,'Тип недвижимости: Однушка\nБюджет: От200до400',NULL,NULL,NULL),(3,'79508704444','Тестовыйпользователь',NULL,NULL,NULL,NULL,NULL,NULL,NULL,NULL,NULL,'Тип недвижимости: Студия\nПланируемая дата покупки: В ближайшие пару месяцев\nИнтересующие вопросы:\n0. Юридическое сопровождение\n1. Управление недвижимостью\nВопрос клиента: Вопрос\nБюджет: $200 000 - $500 000',NULL,NULL,NULL),(4,'78885554444','Test',NULL,NULL,NULL,NULL,NULL,NULL,NULL,NULL,NULL,'Тип недвижимости: Двухкомнатная\nПланируемая дата покупки: Пока не решил(а)\nИнтересующие вопросы:\n0. Юридическое сопровождение\n1. Управление недвижимостью\nВопрос клиента: Вопрос\nБюджет: $200 000 - $500 000',NULL,NULL,NULL),(5,'70009998877','Тестовыйпользователь',NULL,NULL,NULL,NULL,NULL,NULL,NULL,NULL,NULL,'Тип недвижимости: Трехкомнатная и более\nПланируемая дата покупки: В течение года\nИнтересующие вопросы:\n0. Удаленная покупка недвижимости\n1. Юридическое сопровождение\n2. Помощь в выборе района\nВопрос клиента: Вопрос\nБюджет: До $100 000',NULL,NULL,NULL),(6,'77778889900','1',NULL,NULL,NULL,NULL,NULL,NULL,NULL,NULL,NULL,'Тип недвижимости: Двухкомнатная\nПланируемая дата покупки: В ближайшие пару месяцев\nИнтересующие вопросы:\n0. Удаленная покупка недвижимости\n1. Рассрочка\n2. Юридическое сопровождение\nВопрос клиента: \nБюджет: Более $500 000',NULL,'2023-08-02 18:30:29',NULL),(7,'78887774422','Andrew',NULL,NULL,NULL,NULL,NULL,NULL,NULL,NULL,NULL,'Тип недвижимости: Двухкомнатная\nПланируемая дата покупки: В течение года\nИнтересующие вопросы:\n0. Удаленная покупка недвижимости\n1. Юридическое сопровождение\n2. Помощь в выборе района\nВопрос клиента: \nБюджет: Более $500 000',NULL,'2023-08-02 19:46:16',NULL);
/*!40000 ALTER TABLE `flats_requests` ENABLE KEYS */;
UNLOCK TABLES;

--
-- Table structure for table `invest_pages`
--

DROP TABLE IF EXISTS `invest_pages`;
/*!40101 SET @saved_cs_client     = @@character_set_client */;
/*!50503 SET character_set_client = utf8mb4 */;
CREATE TABLE `invest_pages` (
  `id` bigint unsigned NOT NULL AUTO_INCREMENT,
  `page_header` varchar(255) COLLATE utf8mb4_unicode_ci DEFAULT NULL,
  `content` longtext CHARACTER SET utf8mb4 COLLATE utf8mb4_bin,
  `content_en` longtext COLLATE utf8mb4_unicode_ci,
  `content_tr` longtext COLLATE utf8mb4_unicode_ci,
  `created_at` timestamp NULL DEFAULT NULL,
  `updated_at` timestamp NULL DEFAULT NULL,
  PRIMARY KEY (`id`),
  CONSTRAINT `invest_pages_chk_1` CHECK (json_valid(`content`))
) ENGINE=InnoDB AUTO_INCREMENT=2 DEFAULT CHARSET=utf8mb4 COLLATE=utf8mb4_unicode_ci;
/*!40101 SET character_set_client = @saved_cs_client */;

--
-- Dumping data for table `invest_pages`
--

LOCK TABLES `invest_pages` WRITE;
/*!40000 ALTER TABLE `invest_pages` DISABLE KEYS */;
INSERT INTO `invest_pages` VALUES (1,NULL,'\"<p>hello<\\/p>\"',NULL,NULL,'2023-07-04 04:49:12','2023-07-04 08:40:47');
/*!40000 ALTER TABLE `invest_pages` ENABLE KEYS */;
UNLOCK TABLES;

--
-- Table structure for table `kurs`
--

DROP TABLE IF EXISTS `kurs`;
/*!40101 SET @saved_cs_client     = @@character_set_client */;
/*!50503 SET character_set_client = utf8mb4 */;
CREATE TABLE `kurs` (
  `id` bigint unsigned NOT NULL AUTO_INCREMENT,
  `rub` varchar(255) COLLATE utf8mb4_unicode_ci DEFAULT NULL,
  `lira` varchar(255) COLLATE utf8mb4_unicode_ci DEFAULT NULL,
  `created_at` timestamp NULL DEFAULT NULL,
  `updated_at` timestamp NULL DEFAULT NULL,
  PRIMARY KEY (`id`)
) ENGINE=InnoDB AUTO_INCREMENT=2 DEFAULT CHARSET=utf8mb4 COLLATE=utf8mb4_unicode_ci;
/*!40101 SET character_set_client = @saved_cs_client */;

--
-- Dumping data for table `kurs`
--

LOCK TABLES `kurs` WRITE;
/*!40000 ALTER TABLE `kurs` DISABLE KEYS */;
INSERT INTO `kurs` VALUES (1,'0.011','25.71',NULL,'2023-06-13 01:58:37');
/*!40000 ALTER TABLE `kurs` ENABLE KEYS */;
UNLOCK TABLES;

--
-- Table structure for table `landings`
--

DROP TABLE IF EXISTS `landings`;
/*!40101 SET @saved_cs_client     = @@character_set_client */;
/*!50503 SET character_set_client = utf8mb4 */;
CREATE TABLE `landings` (
  `id` bigint unsigned NOT NULL AUTO_INCREMENT,
  `subdomain` varchar(255) COLLATE utf8mb4_unicode_ci NOT NULL,
  `domain` varchar(255) COLLATE utf8mb4_unicode_ci NOT NULL,
  `template_id` bigint unsigned DEFAULT NULL,
  `created_at` timestamp NULL DEFAULT NULL,
  `updated_at` timestamp NULL DEFAULT NULL,
  `phone` varchar(255) COLLATE utf8mb4_unicode_ci DEFAULT NULL,
  `main_title` varchar(255) COLLATE utf8mb4_unicode_ci DEFAULT NULL,
  `main_content` text COLLATE utf8mb4_unicode_ci,
  `main_photo` varchar(255) COLLATE utf8mb4_unicode_ci DEFAULT NULL,
  `main_lists` json DEFAULT NULL,
  `objects_title` varchar(255) COLLATE utf8mb4_unicode_ci DEFAULT NULL,
  `about_title` varchar(255) COLLATE utf8mb4_unicode_ci DEFAULT NULL,
  `about_subtitle` varchar(255) COLLATE utf8mb4_unicode_ci DEFAULT NULL,
  `about_description` json DEFAULT NULL,
  `purchase_terms` json DEFAULT NULL,
  `territory` varchar(255) COLLATE utf8mb4_unicode_ci DEFAULT NULL,
  `vnj_title` varchar(255) COLLATE utf8mb4_unicode_ci DEFAULT NULL,
  `vnj_content` text COLLATE utf8mb4_unicode_ci,
  `map` text COLLATE utf8mb4_unicode_ci,
  `sight_title` varchar(255) COLLATE utf8mb4_unicode_ci DEFAULT NULL,
  `sight_cards` json DEFAULT NULL,
  `filter_country` bigint DEFAULT NULL,
  `filter_region` bigint DEFAULT NULL,
  `filter_complex` bigint DEFAULT NULL,
  `main_subtitle` varchar(255) COLLATE utf8mb4_unicode_ci DEFAULT NULL,
  `main_location` varchar(255) COLLATE utf8mb4_unicode_ci DEFAULT NULL,
  PRIMARY KEY (`id`),
  UNIQUE KEY `landings_subdomain_unique` (`subdomain`),
  UNIQUE KEY `landings_domain_unique` (`domain`),
  KEY `landings_template_id_index` (`template_id`),
  CONSTRAINT `landings_template_id_foreign` FOREIGN KEY (`template_id`) REFERENCES `templates` (`id`) ON DELETE CASCADE ON UPDATE CASCADE
) ENGINE=InnoDB AUTO_INCREMENT=5 DEFAULT CHARSET=utf8mb4 COLLATE=utf8mb4_unicode_ci;
/*!40101 SET character_set_client = @saved_cs_client */;

--
-- Dumping data for table `landings`
--

LOCK TABLES `landings` WRITE;
/*!40000 ALTER TABLE `landings` DISABLE KEYS */;
INSERT INTO `landings` VALUES (1,'complex','https://complex.one-team.pro/',3,'2023-08-27 23:53:04','2023-09-11 18:46:31','8 800 700 55 55','ЖК SKY BLUE','<p>Жилой комплекс класса бизнес на берегу моря в новом районе Алтынташ. Это первый район в Анталии с утвержденным проектом планировки территории</p>','uploads/landing_84724362.jpg','[{\"id\": \"0\", \"title\": \"2024\", \"content\": \"I квартал сдача жилого комплекса\"}, {\"id\": \"1\", \"title\": \"50\", \"content\": \"Всего квартир в комплексе\"}, {\"id\": \"2\", \"title\": \"ВНЖ\", \"content\": \"Вид на жительство при покупке\"}, {\"id\": \"3\", \"title\": \"2\", \"content\": \"Больших бассейна на территории ЖК\"}]',NULL,'PERGE COLLECTION: SKY BLUE','БИЗНЕС-КЛАСС НА БЕРЕГУ СРЕДИЗЕМНОГО МОРЯ','[{\"id\": \"0\", \"photo\": \"uploads/landing_1408793994.png\", \"title\": \"Большая закрытая территория с двумя бассейнами\", \"content\": \"<p>5700м2 - идеальная территория для 50 квартир, чтобы чувствовать уединенность и приватность. На территории есть сауна и тренажерный зал. Разноуровневые посадки растений по всей территории по индивидуальному проекту. Спортивная площадка для баскетбола, волейбола или тенниса.</p>\"}, {\"id\": \"1\", \"photo\": \"uploads/landing_1793062718.png\", \"title\": \"Большая закрытая территория с двумя бассейнами\", \"content\": \"<p>5700м2 - идеальная территория для 50 квартир, чтобы чувствовать уединенность и приватность. На территории есть сауна и тренажерный зал. Разноуровневые посадки растений по всей территории по индивидуальному проекту. Спортивная площадка для баскетбола, волейбола или тенниса.</p>\"}]','[{\"id\": \"0\", \"title\": \"Беспроцентная рассрочка\", \"content\": \"<p>Рассрочка на период строительства</p>\\r\\n<p>Первоначальный платеж 30% от стоимости квартиры</p>\\r\\n<ul class=\\\"list_point\\\">\\r\\n<li>Возможна удалённая сделка</li>\\r\\n<li>Помощь по вариантам оплаты</li>\\r\\n</ul>\\r\\n<p>Вид на жительство можете получить после внесения последнего платежа</p>\"}, {\"id\": \"1\", \"title\": \"Оплата 100%\", \"content\": \"<ul class=\\\"list_point\\\">\\r\\n<li>Возможна удалённая сделка</li>\\r\\n<li>Помощь по вариантам оплаты</li>\\r\\n</ul>\"}]','uploads/landing_406444150.png','ВНЖ','<p>Покупая квартиру в ЖК &laquo;Perge Collection: sky blue&raquo; вы не только приобретаете жилье в большом курортном городе с отличным климатом, которое можно сдавать в аренду, но и получаете более ценные преимущества, такие, как вид на жительство в Турции или даже гражданство.</p>\r\n<p>ВНЖ имеет ряд несомненных плюсов, вы можете круглогодично жить в стране, открыть свой бизнес, бесплатно пользоваться некоторыми государственными услугами, а также претендовать на турецкое гражданство уже через 5 лет после приобретения недвижимости.</p>\r\n<p>Турецкий паспорт позволит вам пользоваться всеми привилегиями этого государства, путешествовать в безвизовом режиме более чем по 110 странам, получить право открыть свое дело в США и Великобритании и многое другое.</p>\r\n<p>Процесс оформления проходит достаточно быстро и просто, а это значит, что, приобретая квартиру в нашем жилищном комплексе, вы инвестируете в свое будущее.</p>','<iframe src=\"https://yandex.ru/map-widget/v1/?um=constructor%3Afc64a3d223ff913723c16022e4266225030f99a540ffe10915e3499fe62a343b&amp;source=constructor&amp;scroll=false\" width=\"100%\" height=\"500\" frameborder=\"0\"></iframe>',NULL,NULL,NULL,NULL,15,'PERGE COLLECTION',NULL),(2,'country','https://country.one-team.pro/',2,'2023-08-29 17:16:13','2023-09-14 17:04:03',NULL,NULL,NULL,NULL,NULL,NULL,NULL,NULL,NULL,NULL,NULL,NULL,NULL,NULL,NULL,NULL,17,NULL,NULL,NULL,NULL),(3,'region','https://region.one-team.pro/',1,'2023-08-30 09:03:07','2023-09-11 18:29:47','8 800 700 55 55','АНТАЛИЯ',NULL,'uploads/landing_123183478.jpg',NULL,'НОВОСТРОЙКИ В АНТАЛИИ',NULL,NULL,NULL,NULL,NULL,NULL,NULL,NULL,NULL,NULL,NULL,30,NULL,NULL,NULL),(4,'poluchilos','https://poluchilos.one-team.pro/',1,'2023-08-30 10:40:53','2023-08-30 10:40:53',NULL,NULL,NULL,NULL,NULL,NULL,NULL,NULL,NULL,NULL,NULL,NULL,NULL,NULL,NULL,NULL,NULL,NULL,NULL,NULL,NULL);
/*!40000 ALTER TABLE `landings` ENABLE KEYS */;
UNLOCK TABLES;

--
-- Table structure for table `metrics`
--

DROP TABLE IF EXISTS `metrics`;
/*!40101 SET @saved_cs_client     = @@character_set_client */;
/*!50503 SET character_set_client = utf8mb4 */;
CREATE TABLE `metrics` (
  `id` bigint unsigned NOT NULL AUTO_INCREMENT,
  `name` varchar(255) COLLATE utf8mb4_unicode_ci DEFAULT NULL,
  `created_at` timestamp NULL DEFAULT NULL,
  `updated_at` timestamp NULL DEFAULT NULL,
  PRIMARY KEY (`id`)
) ENGINE=InnoDB AUTO_INCREMENT=8 DEFAULT CHARSET=utf8mb4 COLLATE=utf8mb4_unicode_ci;
/*!40101 SET character_set_client = @saved_cs_client */;

--
-- Dumping data for table `metrics`
--

LOCK TABLES `metrics` WRITE;
/*!40000 ALTER TABLE `metrics` DISABLE KEYS */;
INSERT INTO `metrics` VALUES (1,'Европа','2023-06-12 02:37:08','2023-06-12 02:37:08'),(2,'Азия','2023-06-12 02:37:08','2023-06-12 02:37:08'),(3,'Африка','2023-06-12 02:37:08','2023-06-12 02:37:08'),(4,'Северная Америка','2023-06-12 02:37:08','2023-06-12 02:37:08'),(5,'Южная Америка','2023-06-12 02:37:08','2023-06-12 02:37:08'),(6,'Австралия','2023-06-12 02:37:08','2023-06-12 02:37:08'),(7,'Антарктида','2023-06-12 02:37:08','2023-06-12 02:37:08');
/*!40000 ALTER TABLE `metrics` ENABLE KEYS */;
UNLOCK TABLES;

--
-- Table structure for table `migrations`
--

DROP TABLE IF EXISTS `migrations`;
/*!40101 SET @saved_cs_client     = @@character_set_client */;
/*!50503 SET character_set_client = utf8mb4 */;
CREATE TABLE `migrations` (
  `id` int unsigned NOT NULL AUTO_INCREMENT,
  `migration` varchar(255) COLLATE utf8mb4_unicode_ci NOT NULL,
  `batch` int NOT NULL,
  PRIMARY KEY (`id`)
) ENGINE=InnoDB AUTO_INCREMENT=62 DEFAULT CHARSET=utf8mb4 COLLATE=utf8mb4_unicode_ci;
/*!40101 SET character_set_client = @saved_cs_client */;

--
-- Dumping data for table `migrations`
--

LOCK TABLES `migrations` WRITE;
/*!40000 ALTER TABLE `migrations` DISABLE KEYS */;
INSERT INTO `migrations` VALUES (1,'2014_10_12_000000_create_users_table',1),(2,'2014_10_12_100000_create_password_reset_tokens_table',1),(3,'2019_08_19_000000_create_failed_jobs_table',1),(4,'2019_12_14_000001_create_personal_access_tokens_table',1),(5,'2023_06_06_144019_create_country_and_cities_table',2),(6,'2023_06_07_124641_create_peculiarities_table',3),(7,'2023_06_08_061340_create_products_table',4),(8,'2023_06_08_061351_create_product_categories_table',4),(9,'2023_06_08_061433_create_photo_tables_table',4),(10,'2023_06_12_063320_create_metrics_table',5),(11,'2023_06_12_102934_create_kurs_table',6),(12,'2023_06_15_135907_create_citizenship_divs_table',7),(13,'2023_07_03_052448_create_invest_pages_table',8),(14,'2023_07_04_115840_create_vng_and_grjs_table',9),(15,'2023_07_06_063054_create_rasrochkas_table',10),(16,'2023_07_06_070327_create_contacts_table',11),(17,'2023_07_06_083824_create_company_selects_table',12),(18,'2023_07_06_113732_create_policy_and_privices_table',13),(20,'2023_07_12_102615_create_requests_table',14),(21,'2023_07_17_103843_create_favorites_table',15),(22,'2023_07_27_134018_create_product_drawings_table',16),(23,'2023_07_29_201327_add_column_objects_to_products_table',17),(24,'2023_08_02_142044_create_flats_requests_table',18),(25,'2023_08_03_152951_create_exchange_rates_table',19),(26,'2023_08_16_155055_update_size_field_to_products_table',20),(27,'2023_08_17_114237_update_lat_and_long_fields_to_products_table',21),(28,'2023_08_23_202538_create_sessions_table',22),(29,'2023_08_25_103502_create_templates_table',22),(30,'2023_08_25_103530_create_landings_table',22),(31,'2023_08_25_103653_add_landing_id_field_to_requests_table',22),(32,'2023_08_27_160619_add_token_field_to_templates_table',22),(33,'2023_09_01_022131_update_lat_and_long_columns_to_products_table',23),(34,'2023_09_02_104459_add_fields_to_landings_table',24),(35,'2023_09_08_200921_add_filter_fields_to_landings_table',24),(36,'2023_09_08_201146_add_main_subtitle_field_to_landings',24),(37,'2023_09_09_200211_add_main_location_field_to_landings_table',24),(38,'2023_09_14_161116_create_options_table',25),(39,'2023_09_14_161432_add_option_id_field_to_products_table',25),(44,'2023_09_15_172332_create_photo_categories_table',26),(45,'2023_09_15_172458_add_category_id_field_to_photo_tables_table',26),(46,'2023_09_15_173657_add_video_field_to_products_table',26),(47,'2023_09_16_181444_add_name_en_name_tr_name_de_field_to_peculiarities_table',26),(50,'2023_09_18_114931_add_name_de_and_div_de_fields_to_country_and_cities_table',27),(51,'2023_09_18_122017_add_disposition_de_and_description_de_fields_to_products_table',27),(54,'2023_09_20_135622_update_exchange_rates_table',28),(55,'2023_09_20_165919_add_price_code_field_to_products_table',28),(58,'2023_09_22_213127_update_value_field_to_exchange_rates_table',29),(59,'2023_09_22_225429_add_preview_image_field_to_products_table',29),(61,'2023_09_24_192410_add_preview_photo_field_to_photo_tables_table',30);
/*!40000 ALTER TABLE `migrations` ENABLE KEYS */;
UNLOCK TABLES;

--
-- Table structure for table `options`
--

DROP TABLE IF EXISTS `options`;
/*!40101 SET @saved_cs_client     = @@character_set_client */;
/*!50503 SET character_set_client = utf8mb4 */;
CREATE TABLE `options` (
  `id` bigint unsigned NOT NULL AUTO_INCREMENT,
  `name` varchar(255) COLLATE utf8mb4_unicode_ci NOT NULL,
  `created_at` timestamp NULL DEFAULT NULL,
  `updated_at` timestamp NULL DEFAULT NULL,
  PRIMARY KEY (`id`)
) ENGINE=InnoDB AUTO_INCREMENT=2 DEFAULT CHARSET=utf8mb4 COLLATE=utf8mb4_unicode_ci;
/*!40101 SET character_set_client = @saved_cs_client */;

--
-- Dumping data for table `options`
--

LOCK TABLES `options` WRITE;
/*!40000 ALTER TABLE `options` DISABLE KEYS */;
INSERT INTO `options` VALUES (1,'ВНЖ','2023-09-14 19:13:59','2023-09-14 19:13:59');
/*!40000 ALTER TABLE `options` ENABLE KEYS */;
UNLOCK TABLES;

--
-- Table structure for table `password_reset_tokens`
--

DROP TABLE IF EXISTS `password_reset_tokens`;
/*!40101 SET @saved_cs_client     = @@character_set_client */;
/*!50503 SET character_set_client = utf8mb4 */;
CREATE TABLE `password_reset_tokens` (
  `email` varchar(255) COLLATE utf8mb4_unicode_ci NOT NULL,
  `token` varchar(255) COLLATE utf8mb4_unicode_ci NOT NULL,
  `created_at` timestamp NULL DEFAULT NULL,
  PRIMARY KEY (`email`)
) ENGINE=InnoDB DEFAULT CHARSET=utf8mb4 COLLATE=utf8mb4_unicode_ci;
/*!40101 SET character_set_client = @saved_cs_client */;

--
-- Dumping data for table `password_reset_tokens`
--

LOCK TABLES `password_reset_tokens` WRITE;
/*!40000 ALTER TABLE `password_reset_tokens` DISABLE KEYS */;
/*!40000 ALTER TABLE `password_reset_tokens` ENABLE KEYS */;
UNLOCK TABLES;

--
-- Table structure for table `peculiarities`
--

DROP TABLE IF EXISTS `peculiarities`;
/*!40101 SET @saved_cs_client     = @@character_set_client */;
/*!50503 SET character_set_client = utf8mb4 */;
CREATE TABLE `peculiarities` (
  `id` bigint unsigned NOT NULL AUTO_INCREMENT,
  `name` varchar(255) COLLATE utf8mb4_unicode_ci DEFAULT NULL,
  `type` varchar(255) COLLATE utf8mb4_unicode_ci DEFAULT NULL,
  `parent_id` varchar(255) COLLATE utf8mb4_unicode_ci DEFAULT NULL,
  `created_at` timestamp NULL DEFAULT NULL,
  `updated_at` timestamp NULL DEFAULT NULL,
  `name_en` varchar(255) COLLATE utf8mb4_unicode_ci DEFAULT NULL,
  `name_tr` varchar(255) COLLATE utf8mb4_unicode_ci DEFAULT NULL,
  `name_de` varchar(255) COLLATE utf8mb4_unicode_ci DEFAULT NULL,
  PRIMARY KEY (`id`)
) ENGINE=InnoDB AUTO_INCREMENT=372 DEFAULT CHARSET=utf8mb4 COLLATE=utf8mb4_unicode_ci;
/*!40101 SET character_set_client = @saved_cs_client */;

--
-- Dumping data for table `peculiarities`
--

LOCK TABLES `peculiarities` WRITE;
/*!40000 ALTER TABLE `peculiarities` DISABLE KEYS */;
INSERT INTO `peculiarities` VALUES (2,'Квартиры, апартаменты','Типы',NULL,'2023-06-07 10:53:20','2023-09-18 10:17:55','Apartments','Daireler','Wohnungen'),(4,'Новостройки','Типы',NULL,'2023-06-07 10:25:17','2023-09-18 10:18:12','New buildings','Yeni binalar','Neue Gebäude'),(5,'Пентхаусы','Типы',NULL,'2023-06-07 10:25:24','2023-09-18 10:18:35','Penthouses','Çatı katları','Penthäuser'),(6,'Дома, виллы, коттеджи','Типы',NULL,'2023-06-07 10:25:28','2023-09-18 10:19:19','Villas, cottages','Evde, villalar, evler','Zu Hause, Villen, Ferienhäuser'),(7,'Замки','Типы',NULL,'2023-06-07 10:25:58','2023-09-18 10:21:10','Castles','Kaleler','Steinburgen'),(8,'Шале','Типы',NULL,'2023-06-07 10:26:04','2023-09-18 10:21:41','Chalet','Dağ evi','Chalet'),(9,'Таунхаусы','Типы',NULL,'2023-06-07 10:26:08','2023-09-18 10:22:08','Townhouses','Şehir evleri','Stadthäuser'),(10,'1+','Спальни',NULL,'2023-06-07 10:26:23','2023-09-18 10:22:44','1+','1+','1+'),(11,'2+','Спальни',NULL,'2023-06-07 10:26:31','2023-09-18 10:22:50','2+','2+','2+'),(12,'3+','Спальни',NULL,'2023-06-07 10:26:34','2023-09-18 10:22:56','3+','3+','3+'),(13,'4+','Спальни',NULL,'2023-06-07 10:26:37','2023-09-18 10:23:01','4+','4+','4+'),(14,'Неважно','Спальни',NULL,'2023-06-07 10:26:48','2023-09-18 10:22:38','Doesn\'t matter','Önemli değil','Nicht wichtig'),(15,'1+','Ванные',NULL,'2023-06-07 10:27:01','2023-09-18 10:23:09','1+','1+','1+'),(16,'2+','Ванные',NULL,'2023-06-07 10:27:03','2023-09-18 10:23:16','2+','2+','2+'),(17,'3+','Ванные',NULL,'2023-06-07 10:27:06','2023-09-18 10:23:23','3+','3+','3+'),(18,'4+','Ванные',NULL,'2023-06-07 10:27:08','2023-09-18 10:23:29','4+','4+','4+'),(19,'Неважно','Ванные',NULL,'2023-06-07 10:27:14','2023-09-18 10:23:43','Doesn\'t matter','Önemli değil','Nicht wichtig'),(20,'ТВ','Особенности',NULL,'2023-06-07 10:27:27','2023-09-18 10:24:37','TV','Televizyon','Fernseher'),(21,'Терраса','Особенности',NULL,'2023-06-07 10:27:32','2023-09-18 10:24:53','Terrace','Teras','Terrasse'),(22,'Бассейн','Особенности',NULL,'2023-06-07 10:27:37','2023-09-18 10:25:07','Pool','Havuz','Schwimmbad'),(23,'Балкон','Особенности',NULL,'2023-06-07 10:27:42','2023-09-18 10:25:20','Balcony','Balkon','Balkon'),(24,'Интернет','Особенности',NULL,'2023-06-07 10:27:48','2023-09-18 10:25:36','Internet','Internet','Internet'),(25,'Пляж','Особенности',NULL,'2023-06-07 10:27:58','2023-09-18 10:25:49','Beach','Sahil','Strand'),(26,'Мебель','Особенности',NULL,'2023-06-07 10:28:03','2023-09-18 10:26:03','Furniture','Mobilya','Möbel'),(27,'Парковка','Особенности',NULL,'2023-06-07 10:28:08','2023-09-18 10:26:15','Parking','Otopark','Parken'),(28,'Сад','Особенности',NULL,'2023-06-07 10:28:13','2023-09-18 10:26:29','Garden','Bahçe','Garten'),(29,'Горы','Вид',NULL,'2023-06-07 10:28:24','2023-09-18 10:29:22','Mountains','Dağlar','Berge'),(30,'Озеро','Вид',NULL,'2023-06-07 10:28:30','2023-09-18 10:29:35','Lake','Göl','See'),(31,'Горы','Вид',NULL,'2023-06-07 10:28:39','2023-09-18 10:30:04','Mountains','Dağlar','Berge'),(32,'Лес','Вид',NULL,'2023-06-07 10:28:44','2023-09-18 10:30:17','Forest','Orman','Wald'),(33,'Первая линия','До моря',NULL,'2023-06-07 10:28:55','2023-09-18 10:30:50','First line','İlk satır','Erste Linie'),(34,'До 500 м','До моря',NULL,'2023-06-07 10:29:03','2023-09-18 10:31:05','Up to 500 m','500 m\'ye kadar','Bis zu 500 m'),(35,'До 1 км','До моря',NULL,'2023-06-07 10:29:09','2023-09-18 10:31:19','Up to 1 km','1 km\'ye kadar','Bis zu 1 km'),(36,'До 2 км','До моря',NULL,'2023-06-07 10:29:14','2023-09-18 10:31:35','Up to 2 km','2 km\'ye kadar','Bis zu 2 km'),(348,'3+','Гостиные',NULL,'2023-06-08 07:40:11','2023-09-18 10:23:52','3+','3+','3+'),(349,'1+','Гостиные',NULL,'2023-06-08 08:25:48','2023-09-18 10:23:58','1+','1+','1+'),(350,'2+','Гостиные',NULL,'2023-06-08 08:25:51','2023-09-18 10:24:04','2+','2+','2+'),(351,'До 5 км','До моря',NULL,'2023-08-04 09:38:34','2023-09-18 10:31:49','Up to 5 km','5 km\'ye kadar','Bis zu 5 km'),(353,'Фитнес центр','Особенности',NULL,'2023-08-04 09:42:39','2023-09-18 10:26:44','A fitness center','Bir fitness merkezi','Ein Fitnesscenter'),(354,'Сауна','Особенности',NULL,'2023-08-04 09:42:45','2023-09-18 10:26:59','Sauna','Sauna','Sauna'),(355,'Беседки для отдыха','Особенности',NULL,'2023-08-04 09:42:58','2023-09-18 10:27:13','Gazebos for relaxation','Dinlenmek için çardaklar','Pavillons zum Entspannen'),(356,'Детская площадка','Особенности',NULL,'2023-08-04 09:43:10','2023-09-18 10:27:29','Playground','Oyun alanı','Kinderspielplatz'),(357,'До 7 км','До моря',NULL,'2023-08-06 09:02:06','2023-09-18 10:32:08','Up to 7 km','7 km\'ye kadar','Bis zu 7 km'),(358,'Минигольф','Особенности',NULL,'2023-08-06 09:03:51','2023-09-18 10:27:45','Mini golf','Mini golf','Minigolf'),(359,'Теннис','Особенности',NULL,'2023-08-06 09:04:02','2023-09-18 10:27:57','Tennis','Tenis','Tennis'),(360,'Многоцелевые спортивные сооружения','Особенности',NULL,'2023-08-06 09:04:14','2023-09-18 10:28:12','Multi-purpose sports facilities','Çok amaçlı spor tesisleri','Mehrzweck-Sportanlagen'),(361,'Море','Вид',NULL,'2023-09-15 10:06:47','2023-09-18 10:30:31','Sea','Deniz','Meer'),(362,'До 30 км','До моря',NULL,'2023-09-17 06:58:51','2023-09-18 10:32:27','Up to 30 km','30 km\'ye kadar','Bis zu 30 km'),(363,'Умный дом','Особенности',NULL,'2023-09-17 06:59:21','2023-09-18 10:28:26','Smart House','Akıllı ev','Intelligentes Haus'),(364,'Гараж','Особенности',NULL,'2023-09-17 06:59:35','2023-09-18 10:28:45','Garage','Garaj','Die Garage'),(365,'Комната безопасности','Особенности',NULL,'2023-09-17 07:00:06','2023-09-18 10:29:02','Security room','Güvenlik odası','Sicherheitsraum'),(366,'Игровая комната','Особенности',NULL,'2023-09-23 20:11:27','2023-09-23 20:11:27','Playroom for children','Çocuklar için oyun odası','Spielzimmer'),(367,'Круглосуточная охрана','Особенности',NULL,'2023-09-23 20:12:15','2023-09-23 20:12:15','Round-the-clock security','Günün her saati güvenlik','Sicherheit rund um die Uhr'),(368,'Система видеонаблюдения','Особенности',NULL,'2023-09-23 20:12:55','2023-09-23 20:12:55','CCTV','CCTV','VIDEOÜBERWACHUNG'),(369,'Кинозал','Особенности',NULL,'2023-09-23 21:11:58','2023-09-23 21:11:58','Cinema Room','Sinema Odası','Kinosaal'),(370,'Конференц-зал','Особенности',NULL,'2023-09-23 21:12:26','2023-09-23 21:12:26','Meeting Room','Toplantı Odası','Tagungsraum'),(371,'Генератор','Особенности',NULL,'2023-09-23 21:13:13','2023-09-23 21:13:13','Generator','Jeneratör','Generator');
/*!40000 ALTER TABLE `peculiarities` ENABLE KEYS */;
UNLOCK TABLES;

--
-- Table structure for table `personal_access_tokens`
--

DROP TABLE IF EXISTS `personal_access_tokens`;
/*!40101 SET @saved_cs_client     = @@character_set_client */;
/*!50503 SET character_set_client = utf8mb4 */;
CREATE TABLE `personal_access_tokens` (
  `id` bigint unsigned NOT NULL AUTO_INCREMENT,
  `tokenable_type` varchar(255) COLLATE utf8mb4_unicode_ci NOT NULL,
  `tokenable_id` bigint unsigned NOT NULL,
  `name` varchar(255) COLLATE utf8mb4_unicode_ci NOT NULL,
  `token` varchar(64) COLLATE utf8mb4_unicode_ci NOT NULL,
  `abilities` text COLLATE utf8mb4_unicode_ci,
  `last_used_at` timestamp NULL DEFAULT NULL,
  `expires_at` timestamp NULL DEFAULT NULL,
  `created_at` timestamp NULL DEFAULT NULL,
  `updated_at` timestamp NULL DEFAULT NULL,
  PRIMARY KEY (`id`),
  UNIQUE KEY `personal_access_tokens_token_unique` (`token`),
  KEY `personal_access_tokens_tokenable_type_tokenable_id_index` (`tokenable_type`,`tokenable_id`)
) ENGINE=InnoDB DEFAULT CHARSET=utf8mb4 COLLATE=utf8mb4_unicode_ci;
/*!40101 SET character_set_client = @saved_cs_client */;

--
-- Dumping data for table `personal_access_tokens`
--

LOCK TABLES `personal_access_tokens` WRITE;
/*!40000 ALTER TABLE `personal_access_tokens` DISABLE KEYS */;
/*!40000 ALTER TABLE `personal_access_tokens` ENABLE KEYS */;
UNLOCK TABLES;

--
-- Table structure for table `photo_categories`
--

DROP TABLE IF EXISTS `photo_categories`;
/*!40101 SET @saved_cs_client     = @@character_set_client */;
/*!50503 SET character_set_client = utf8mb4 */;
CREATE TABLE `photo_categories` (
  `id` bigint unsigned NOT NULL AUTO_INCREMENT,
  `name` varchar(255) COLLATE utf8mb4_unicode_ci NOT NULL,
  `created_at` timestamp NULL DEFAULT NULL,
  `updated_at` timestamp NULL DEFAULT NULL,
  PRIMARY KEY (`id`)
) ENGINE=InnoDB AUTO_INCREMENT=6 DEFAULT CHARSET=utf8mb4 COLLATE=utf8mb4_unicode_ci;
/*!40101 SET character_set_client = @saved_cs_client */;

--
-- Dumping data for table `photo_categories`
--

LOCK TABLES `photo_categories` WRITE;
/*!40000 ALTER TABLE `photo_categories` DISABLE KEYS */;
INSERT INTO `photo_categories` VALUES (1,'Интерьер','2023-09-18 08:33:58','2023-09-18 08:33:58'),(2,'Экстерьер','2023-09-18 08:34:06','2023-09-18 08:34:06'),(3,'Инфраструктура','2023-09-18 08:34:18','2023-09-18 08:34:18'),(4,'Лобби','2023-09-18 08:34:25','2023-09-18 08:34:25'),(5,'Территория','2023-09-18 08:34:36','2023-09-18 08:34:36');
/*!40000 ALTER TABLE `photo_categories` ENABLE KEYS */;
UNLOCK TABLES;

--
-- Table structure for table `photo_tables`
--

DROP TABLE IF EXISTS `photo_tables`;
/*!40101 SET @saved_cs_client     = @@character_set_client */;
/*!50503 SET character_set_client = utf8mb4 */;
CREATE TABLE `photo_tables` (
  `id` bigint unsigned NOT NULL AUTO_INCREMENT,
  `parent_model` varchar(255) COLLATE utf8mb4_unicode_ci DEFAULT NULL,
  `parent_id` varchar(255) COLLATE utf8mb4_unicode_ci DEFAULT NULL,
  `photo` varchar(255) COLLATE utf8mb4_unicode_ci DEFAULT NULL,
  `created_at` timestamp NULL DEFAULT NULL,
  `updated_at` timestamp NULL DEFAULT NULL,
  `category_id` bigint unsigned DEFAULT NULL,
  `preview` varchar(255) COLLATE utf8mb4_unicode_ci DEFAULT NULL,
  PRIMARY KEY (`id`),
  KEY `photo_tables_category_id_index` (`category_id`),
  CONSTRAINT `photo_tables_category_id_foreign` FOREIGN KEY (`category_id`) REFERENCES `photo_categories` (`id`) ON DELETE CASCADE ON UPDATE CASCADE
) ENGINE=InnoDB AUTO_INCREMENT=299 DEFAULT CHARSET=utf8mb4 COLLATE=utf8mb4_unicode_ci;
/*!40101 SET character_set_client = @saved_cs_client */;

--
-- Dumping data for table `photo_tables`
--

LOCK TABLES `photo_tables` WRITE;
/*!40000 ALTER TABLE `photo_tables` DISABLE KEYS */;
INSERT INTO `photo_tables` VALUES (9,'\\App\\Models\\Product','6','1686297564.png','2023-06-09 03:59:24','2023-06-09 03:59:24',NULL,NULL),(11,'\\App\\Models\\Product','6','1686297564.png','2023-06-09 03:59:24','2023-06-09 03:59:24',NULL,NULL),(12,'\\App\\Models\\Product','6','1686297564.png','2023-06-09 03:59:24','2023-06-09 03:59:24',NULL,NULL),(22,'\\App\\Models\\Product','7','1686315312.png','2023-06-09 08:55:12','2023-09-24 16:55:10',NULL,'uploads/preview_1686315312.png'),(23,'\\App\\Models\\Product','7','1686315313.png','2023-06-09 08:55:12','2023-09-24 16:55:10',NULL,'uploads/preview_1686315313.png'),(24,'\\App\\Models\\Product','7','1686315314.png','2023-06-09 08:55:12','2023-09-24 16:55:10',NULL,'uploads/preview_1686315314.png'),(25,'\\App\\Models\\Product','8','1686317439.png','2023-06-09 09:30:39','2023-09-24 16:55:10',NULL,'uploads/preview_1686317439.png'),(26,'\\App\\Models\\Product','8','1686317440.png','2023-06-09 09:30:39','2023-09-24 16:55:10',NULL,'uploads/preview_1686317440.png'),(27,'\\App\\Models\\Product','8','1686317441.png','2023-06-09 09:30:39','2023-09-24 16:55:10',NULL,'uploads/preview_1686317441.png'),(28,'\\App\\Models\\Product','9','1686317633.png','2023-06-09 09:33:53','2023-06-09 09:33:53',NULL,NULL),(29,'\\App\\Models\\Product','9','1686317634.png','2023-06-09 09:33:53','2023-06-09 09:33:53',NULL,NULL),(30,'\\App\\Models\\Product','9','1686317635.png','2023-06-09 09:33:53','2023-06-09 09:33:53',NULL,NULL),(31,'\\App\\Models\\Product','10','1686317883.png','2023-06-09 09:38:03','2023-06-09 09:38:03',NULL,NULL),(32,'\\App\\Models\\Product','11','1686318614.png','2023-06-09 09:50:14','2023-06-09 09:50:14',NULL,NULL),(33,'\\App\\Models\\Product','11','1686318615.png','2023-06-09 09:50:14','2023-06-09 09:50:14',NULL,NULL),(34,'\\App\\Models\\Product','11','1686318616.png','2023-06-09 09:50:14','2023-06-09 09:50:14',NULL,NULL),(35,'\\App\\Models\\Product','11','1686318617.png','2023-06-09 09:50:14','2023-06-09 09:50:14',NULL,NULL),(36,'\\App\\Models\\Product','12','1687113072.png','2023-06-18 14:31:12','2023-06-18 14:31:12',NULL,NULL),(37,'\\App\\Models\\Product','12','1687113073.png','2023-06-18 14:31:12','2023-06-18 14:31:12',NULL,NULL),(38,'\\App\\Models\\Product','12','1687113074.png','2023-06-18 14:31:12','2023-06-18 14:31:12',NULL,NULL),(39,'\\App\\Models\\Product','12','1687113075.png','2023-06-18 14:31:12','2023-06-18 14:31:12',NULL,NULL),(40,'\\App\\Models\\Product','12','1687113076.png','2023-06-18 14:31:12','2023-06-18 14:31:12',NULL,NULL),(41,'\\App\\Models\\Product','13','1687113522.jpeg','2023-06-18 14:38:42','2023-06-18 14:38:42',NULL,NULL),(42,'\\App\\Models\\Product','13','1687113523.jpeg','2023-06-18 14:38:42','2023-06-18 14:38:42',NULL,NULL),(43,'\\App\\Models\\Product','13','1687113524.jpeg','2023-06-18 14:38:42','2023-06-18 14:38:42',NULL,NULL),(44,'\\App\\Models\\Product','13','1687113525.jpeg','2023-06-18 14:38:42','2023-06-18 14:38:42',NULL,NULL),(45,'\\App\\Models\\Product','13','1687113526.jpeg','2023-06-18 14:38:42','2023-06-18 14:38:42',NULL,NULL),(46,'\\App\\Models\\Product','14','1690465743.jpg','2023-07-27 13:49:03','2023-07-27 13:49:03',NULL,NULL),(47,'\\App\\Models\\Product','14','1690465744.jpg','2023-07-27 13:49:03','2023-07-27 13:49:03',NULL,NULL),(54,'\\App\\Models\\Product','15','1690751488.jpg','2023-07-30 21:11:28','2023-09-24 16:55:10',2,'uploads/preview_1690751488.jpg'),(55,'\\App\\Models\\Product','15','1690751489.jpg','2023-07-30 21:11:28','2023-09-24 16:55:11',5,'uploads/preview_1690751489.jpg'),(56,'\\App\\Models\\Product','15','1690751490.jpg','2023-07-30 21:11:28','2023-09-24 16:55:11',5,'uploads/preview_1690751490.jpg'),(57,'\\App\\Models\\Product','15','1690751491.jpg','2023-07-30 21:11:28','2023-09-24 16:55:11',1,'uploads/preview_1690751491.jpg'),(58,'\\App\\Models\\Product','15','1690751492.jpg','2023-07-30 21:11:28','2023-09-24 16:55:11',1,'uploads/preview_1690751492.jpg'),(59,'\\App\\Models\\Product','15','1690751493.jpg','2023-07-30 21:11:28','2023-09-24 16:55:11',1,'uploads/preview_1690751493.jpg'),(60,'\\App\\Models\\Product','15','1690751494.jpg','2023-07-30 21:11:28','2023-09-24 16:55:11',1,'uploads/preview_1690751494.jpg'),(61,'\\App\\Models\\Product','16','1691134061.jpg','2023-08-04 07:27:41','2023-09-24 16:55:11',NULL,'uploads/preview_1691134061.jpg'),(174,'\\App\\Models\\Product','29','1695479300.jpg','2023-09-23 14:28:20','2023-09-24 16:55:21',NULL,'uploads/preview_1695479300.jpg'),(175,'\\App\\Models\\Product','29','1695479307.jpg','2023-09-23 14:28:27','2023-09-24 16:55:21',NULL,'uploads/preview_1695479307.jpg'),(176,'\\App\\Models\\Product','29','1695479317.jpg','2023-09-23 14:28:37','2023-09-24 16:55:21',NULL,'uploads/preview_1695479317.jpg'),(177,'\\App\\Models\\Product','29','1695479325.jpg','2023-09-23 14:28:45','2023-09-24 16:55:21',NULL,'uploads/preview_1695479325.jpg'),(178,'\\App\\Models\\Product','29','1695479333.jpg','2023-09-23 14:28:53','2023-09-24 16:55:21',NULL,'uploads/preview_1695479333.jpg'),(179,'\\App\\Models\\Product','28','1695484716.jpg','2023-09-23 15:58:36','2023-09-24 16:55:20',NULL,'uploads/preview_1695484716.jpg'),(180,'\\App\\Models\\Product','28','1695484729.jpg','2023-09-23 15:58:49','2023-09-24 16:55:20',NULL,'uploads/preview_1695484729.jpg'),(181,'\\App\\Models\\Product','28','1695484741.jpg','2023-09-23 15:59:01','2023-09-24 16:55:20',NULL,'uploads/preview_1695484741.jpg'),(182,'\\App\\Models\\Product','28','1695484754.jpg','2023-09-23 15:59:14','2023-09-24 16:55:20',NULL,'uploads/preview_1695484754.jpg'),(183,'\\App\\Models\\Product','28','1695484765.jpg','2023-09-23 15:59:25','2023-09-24 16:55:20',NULL,'uploads/preview_1695484765.jpg'),(184,'\\App\\Models\\Product','26','1695484887.jpg','2023-09-23 16:01:27','2023-09-24 16:55:19',NULL,'uploads/preview_1695484887.jpg'),(185,'\\App\\Models\\Product','26','1695484901.jpg','2023-09-23 16:01:41','2023-09-24 16:55:19',NULL,'uploads/preview_1695484901.jpg'),(186,'\\App\\Models\\Product','26','1695484911.jpg','2023-09-23 16:01:51','2023-09-24 16:55:19',NULL,'uploads/preview_1695484911.jpg'),(187,'\\App\\Models\\Product','26','1695484922.jpg','2023-09-23 16:02:02','2023-09-24 16:55:19',NULL,'uploads/preview_1695484922.jpg'),(188,'\\App\\Models\\Product','26','1695484961.jpg','2023-09-23 16:02:41','2023-09-24 16:55:19',NULL,'uploads/preview_1695484961.jpg'),(189,'\\App\\Models\\Product','26','1695484971.jpg','2023-09-23 16:02:51','2023-09-24 16:55:19',NULL,'uploads/preview_1695484971.jpg'),(190,'\\App\\Models\\Product','26','1695484980.jpg','2023-09-23 16:03:00','2023-09-24 16:55:19',NULL,'uploads/preview_1695484980.jpg'),(191,'\\App\\Models\\Product','27','1695485079.jpg','2023-09-23 16:04:39','2023-09-24 16:55:19',NULL,'uploads/preview_1695485079.jpg'),(192,'\\App\\Models\\Product','27','1695485180.jpg','2023-09-23 16:06:20','2023-09-24 16:55:20',NULL,'uploads/preview_1695485180.jpg'),(193,'\\App\\Models\\Product','27','1695485189.jpg','2023-09-23 16:06:29','2023-09-24 16:55:20',NULL,'uploads/preview_1695485189.jpg'),(194,'\\App\\Models\\Product','27','1695485198.jpg','2023-09-23 16:06:38','2023-09-24 16:55:20',NULL,'uploads/preview_1695485198.jpg'),(195,'\\App\\Models\\Product','27','1695485206.jpg','2023-09-23 16:06:46','2023-09-24 16:55:20',NULL,'uploads/preview_1695485206.jpg'),(196,'\\App\\Models\\Product','19','1695485711.jpg','2023-09-23 16:15:11','2023-09-24 16:55:13',NULL,'uploads/preview_1695485711.jpg'),(197,'\\App\\Models\\Product','19','1695485725.jpg','2023-09-23 16:15:25','2023-09-24 16:55:13',NULL,'uploads/preview_1695485725.jpg'),(198,'\\App\\Models\\Product','19','1695485743.jpg','2023-09-23 16:15:43','2023-09-24 16:55:13',NULL,'uploads/preview_1695485743.jpg'),(199,'\\App\\Models\\Product','19','1695485827.jpg','2023-09-23 16:17:07','2023-09-24 16:55:13',NULL,'uploads/preview_1695485827.jpg'),(200,'\\App\\Models\\Product','19','1695485838.jpg','2023-09-23 16:17:18','2023-09-24 16:55:13',NULL,'uploads/preview_1695485838.jpg'),(201,'\\App\\Models\\Product','19','1695485876.jpg','2023-09-23 16:17:56','2023-09-24 16:55:14',NULL,'uploads/preview_1695485876.jpg'),(202,'\\App\\Models\\Product','19','1695485888.jpg','2023-09-23 16:18:08','2023-09-24 16:55:14',NULL,'uploads/preview_1695485888.jpg'),(203,'\\App\\Models\\Product','19','1695485911.jpg','2023-09-23 16:18:31','2023-09-24 16:55:14',NULL,'uploads/preview_1695485911.jpg'),(204,'\\App\\Models\\Product','19','1695485934.jpg','2023-09-23 16:18:54','2023-09-24 16:55:14',NULL,'uploads/preview_1695485934.jpg'),(205,'\\App\\Models\\Product','19','1695485955.jpg','2023-09-23 16:19:15','2023-09-24 16:55:14',NULL,'uploads/preview_1695485955.jpg'),(206,'\\App\\Models\\Product','24','1695486106.jpg','2023-09-23 16:21:46','2023-09-24 16:55:18',NULL,'uploads/preview_1695486106.jpg'),(207,'\\App\\Models\\Product','24','1695486120.jpg','2023-09-23 16:22:00','2023-09-24 16:55:18',NULL,'uploads/preview_1695486120.jpg'),(208,'\\App\\Models\\Product','24','1695486290.jpg','2023-09-23 16:24:50','2023-09-24 16:55:18',NULL,'uploads/preview_1695486290.jpg'),(209,'\\App\\Models\\Product','24','1695486307.jpg','2023-09-23 16:25:07','2023-09-24 16:55:18',NULL,'uploads/preview_1695486307.jpg'),(210,'\\App\\Models\\Product','24','1695486325.jpg','2023-09-23 16:25:25','2023-09-24 16:55:18',NULL,'uploads/preview_1695486325.jpg'),(211,'\\App\\Models\\Product','24','1695486354.jpg','2023-09-23 16:25:54','2023-09-24 16:55:18',NULL,'uploads/preview_1695486354.jpg'),(212,'\\App\\Models\\Product','24','1695486364.jpg','2023-09-23 16:26:04','2023-09-24 16:55:18',NULL,'uploads/preview_1695486364.jpg'),(213,'\\App\\Models\\Product','23','1695486583.jpg','2023-09-23 16:29:43','2023-09-24 16:55:17',NULL,'uploads/preview_1695486583.jpg'),(214,'\\App\\Models\\Product','23','1695486611.jpg','2023-09-23 16:30:11','2023-09-24 16:55:17',NULL,'uploads/preview_1695486611.jpg'),(215,'\\App\\Models\\Product','23','1695486626.jpg','2023-09-23 16:30:26','2023-09-24 16:55:17',NULL,'uploads/preview_1695486626.jpg'),(216,'\\App\\Models\\Product','23','1695486640.jpg','2023-09-23 16:30:40','2023-09-24 16:55:17',NULL,'uploads/preview_1695486640.jpg'),(217,'\\App\\Models\\Product','23','1695486689.jpg','2023-09-23 16:31:29','2023-09-24 16:55:17',NULL,'uploads/preview_1695486689.jpg'),(218,'\\App\\Models\\Product','23','1695486825.jpg','2023-09-23 16:33:45','2023-09-24 16:55:17',NULL,'uploads/preview_1695486825.jpg'),(219,'\\App\\Models\\Product','23','1695486834.jpg','2023-09-23 16:33:54','2023-09-24 16:55:17',NULL,'uploads/preview_1695486834.jpg'),(220,'\\App\\Models\\Product','25','1695486937.jpg','2023-09-23 16:35:37','2023-09-24 16:55:18',NULL,'uploads/preview_1695486937.jpg'),(221,'\\App\\Models\\Product','25','1695486946.jpg','2023-09-23 16:35:46','2023-09-24 16:55:18',NULL,'uploads/preview_1695486946.jpg'),(224,'\\App\\Models\\Product','25','1695487069.jpg','2023-09-23 16:37:49','2023-09-24 16:55:18',NULL,'uploads/preview_1695487069.jpg'),(225,'\\App\\Models\\Product','25','1695487077.jpg','2023-09-23 16:37:57','2023-09-24 16:55:18',NULL,'uploads/preview_1695487077.jpg'),(226,'\\App\\Models\\Product','25','1695487088.jpg','2023-09-23 16:38:08','2023-09-24 16:55:19',NULL,'uploads/preview_1695487088.jpg'),(227,'\\App\\Models\\Product','30','1695494501.jpg','2023-09-23 18:41:41','2023-09-24 16:55:21',NULL,'uploads/preview_1695494501.jpg'),(228,'\\App\\Models\\Product','30','1695494805.jpg','2023-09-23 18:46:45','2023-09-24 16:55:21',NULL,'uploads/preview_1695494805.jpg'),(229,'\\App\\Models\\Product','30','1695494815.jpg','2023-09-23 18:46:55','2023-09-24 16:55:21',NULL,'uploads/preview_1695494815.jpg'),(230,'\\App\\Models\\Product','30','1695494827.jpg','2023-09-23 18:47:07','2023-09-24 16:55:21',NULL,'uploads/preview_1695494827.jpg'),(231,'\\App\\Models\\Product','30','1695494872.jpg','2023-09-23 18:47:52','2023-09-24 16:55:21',NULL,'uploads/preview_1695494872.jpg'),(232,'\\App\\Models\\Product','30','1695494927.jpg','2023-09-23 18:48:47','2023-09-24 16:55:22',NULL,'uploads/preview_1695494927.jpg'),(233,'\\App\\Models\\Product','30','1695494957.jpg','2023-09-23 18:49:17','2023-09-24 16:55:22',NULL,'uploads/preview_1695494957.jpg'),(234,'\\App\\Models\\Product','31','1695499811.jpg','2023-09-23 20:10:11','2023-09-24 16:55:22',NULL,'uploads/preview_1695499811.jpg'),(235,'\\App\\Models\\Product','31','1695501442.jpg','2023-09-23 20:37:22','2023-09-24 16:55:22',NULL,'uploads/preview_1695501442.jpg'),(236,'\\App\\Models\\Product','31','1695501452.jpg','2023-09-23 20:37:32','2023-09-24 16:55:22',NULL,'uploads/preview_1695501452.jpg'),(237,'\\App\\Models\\Product','31','1695501463.jpg','2023-09-23 20:37:43','2023-09-24 16:55:22',NULL,'uploads/preview_1695501463.jpg'),(238,'\\App\\Models\\Product','31','1695501511.jpg','2023-09-23 20:38:31','2023-09-24 16:55:22',NULL,'uploads/preview_1695501511.jpg'),(239,'\\App\\Models\\Product','31','1695501542.jpg','2023-09-23 20:39:02','2023-09-24 16:55:22',NULL,'uploads/preview_1695501542.jpg'),(240,'\\App\\Models\\Product','31','1695501594.jpg','2023-09-23 20:39:54','2023-09-24 16:55:22',NULL,'uploads/preview_1695501594.jpg'),(241,'\\App\\Models\\Product','32','1695504344.jpg','2023-09-23 21:25:44','2023-09-24 16:55:22',NULL,'uploads/preview_1695504344.jpg'),(242,'\\App\\Models\\Product','32','1695505918.jpg','2023-09-23 21:51:58','2023-09-24 16:55:23',NULL,'uploads/preview_1695505918.jpg'),(243,'\\App\\Models\\Product','32','1695505928.jpg','2023-09-23 21:52:08','2023-09-24 16:55:23',NULL,'uploads/preview_1695505928.jpg'),(244,'\\App\\Models\\Product','32','1695505940.jpg','2023-09-23 21:52:20','2023-09-24 16:55:23',NULL,'uploads/preview_1695505940.jpg'),(245,'\\App\\Models\\Product','32','1695505952.jpg','2023-09-23 21:52:32','2023-09-24 16:55:23',NULL,'uploads/preview_1695505952.jpg'),(246,'\\App\\Models\\Product','32','1695505966.jpg','2023-09-23 21:52:46','2023-09-24 16:55:23',NULL,'uploads/preview_1695505966.jpg'),(247,'\\App\\Models\\Product','32','1695505979.jpg','2023-09-23 21:52:59','2023-09-24 16:55:23',NULL,'uploads/preview_1695505979.jpg'),(255,'\\App\\Models\\Product','22','1695557292.png','2023-09-24 12:08:12','2023-09-24 16:55:16',NULL,'uploads/preview_1695557292.png'),(256,'\\App\\Models\\Product','22','1695557341.jpg','2023-09-24 12:09:01','2023-09-24 16:55:16',NULL,'uploads/preview_1695557341.jpg'),(257,'\\App\\Models\\Product','22','1695557342.JPG','2023-09-24 12:09:01','2023-09-24 16:55:16',NULL,'uploads/preview_1695557342.JPG'),(258,'\\App\\Models\\Product','22','1695557343.JPG','2023-09-24 12:09:01','2023-09-24 16:55:16',NULL,'uploads/preview_1695557343.JPG'),(259,'\\App\\Models\\Product','22','1695557344.JPG','2023-09-24 12:09:01','2023-09-24 16:55:16',NULL,'uploads/preview_1695557344.JPG'),(260,'\\App\\Models\\Product','22','1695557345.JPG','2023-09-24 12:09:01','2023-09-24 16:55:16',NULL,'uploads/preview_1695557345.JPG'),(261,'\\App\\Models\\Product','22','1695557346.JPG','2023-09-24 12:09:01','2023-09-24 16:55:17',NULL,'uploads/preview_1695557346.JPG'),(262,'\\App\\Models\\Product','22','1695557347.JPG','2023-09-24 12:09:01','2023-09-24 16:55:17',NULL,'uploads/preview_1695557347.JPG'),(263,'\\App\\Models\\Product','20','1695559825.jpg','2023-09-24 12:50:25','2023-09-24 16:55:14',NULL,'uploads/preview_1695559825.jpg'),(264,'\\App\\Models\\Product','20','1695559826.jpg','2023-09-24 12:50:25','2023-09-24 16:55:14',NULL,'uploads/preview_1695559826.jpg'),(265,'\\App\\Models\\Product','20','1695559827.jpg','2023-09-24 12:50:25','2023-09-24 16:55:14',NULL,'uploads/preview_1695559827.jpg'),(266,'\\App\\Models\\Product','20','1695559828.jpg','2023-09-24 12:50:25','2023-09-24 16:55:14',NULL,'uploads/preview_1695559828.jpg'),(267,'\\App\\Models\\Product','20','1695559829.jpg','2023-09-24 12:50:25','2023-09-24 16:55:14',NULL,'uploads/preview_1695559829.jpg'),(268,'\\App\\Models\\Product','20','1695559830.jpg','2023-09-24 12:50:25','2023-09-24 16:55:15',NULL,'uploads/preview_1695559830.jpg'),(269,'\\App\\Models\\Product','20','1695559831.jpg','2023-09-24 12:50:25','2023-09-24 16:55:15',NULL,'uploads/preview_1695559831.jpg'),(270,'\\App\\Models\\Product','18','1695559913.jpg','2023-09-24 12:51:53','2023-09-24 16:55:13',NULL,'uploads/preview_1695559913.jpg'),(271,'\\App\\Models\\Product','18','1695559914.jpg','2023-09-24 12:51:53','2023-09-24 16:55:13',NULL,'uploads/preview_1695559914.jpg'),(272,'\\App\\Models\\Product','18','1695559915.jpg','2023-09-24 12:51:53','2023-09-24 16:55:13',NULL,'uploads/preview_1695559915.jpg'),(273,'\\App\\Models\\Product','18','1695559916.jpg','2023-09-24 12:51:53','2023-09-24 16:55:13',NULL,'uploads/preview_1695559916.jpg'),(274,'\\App\\Models\\Product','18','1695559917.jpg','2023-09-24 12:51:53','2023-09-24 16:55:13',NULL,'uploads/preview_1695559917.jpg'),(275,'\\App\\Models\\Product','21','1695560046.jpg','2023-09-24 12:54:06','2023-09-24 16:55:15',NULL,'uploads/preview_1695560046.jpg'),(276,'\\App\\Models\\Product','21','1695560047.jpg','2023-09-24 12:54:06','2023-09-24 16:55:15',NULL,'uploads/preview_1695560047.jpg'),(277,'\\App\\Models\\Product','21','1695560048.jpg','2023-09-24 12:54:06','2023-09-24 16:55:15',NULL,'uploads/preview_1695560048.jpg'),(278,'\\App\\Models\\Product','21','1695560059.jpg','2023-09-24 12:54:19','2023-09-24 16:55:15',NULL,'uploads/preview_1695560059.jpg'),(279,'\\App\\Models\\Product','21','1695560060.jpg','2023-09-24 12:54:19','2023-09-24 16:55:15',NULL,'uploads/preview_1695560060.jpg'),(280,'\\App\\Models\\Product','21','1695560061.jpg','2023-09-24 12:54:19','2023-09-24 16:55:15',NULL,'uploads/preview_1695560061.jpg'),(281,'\\App\\Models\\Product','21','1695560062.jpg','2023-09-24 12:54:19','2023-09-24 16:55:15',NULL,'uploads/preview_1695560062.jpg'),(282,'\\App\\Models\\Product','21','1695560063.jpg','2023-09-24 12:54:19','2023-09-24 16:55:16',NULL,'uploads/preview_1695560063.jpg'),(283,'\\App\\Models\\Product','17','1695560202.jpeg','2023-09-24 12:56:42','2023-09-24 16:55:11',NULL,'uploads/preview_1695560202.jpeg'),(284,'\\App\\Models\\Product','17','1695560203.jpeg','2023-09-24 12:56:42','2023-09-24 16:55:11',NULL,'uploads/preview_1695560203.jpeg'),(285,'\\App\\Models\\Product','17','1695560204.jpeg','2023-09-24 12:56:42','2023-09-24 16:55:12',NULL,'uploads/preview_1695560204.jpeg'),(286,'\\App\\Models\\Product','17','1695560205.jpeg','2023-09-24 12:56:42','2023-09-24 16:55:12',NULL,'uploads/preview_1695560205.jpeg'),(287,'\\App\\Models\\Product','17','1695560206.jpeg','2023-09-24 12:56:42','2023-09-24 16:55:12',NULL,'uploads/preview_1695560206.jpeg'),(288,'\\App\\Models\\Product','17','1695560207.jpeg','2023-09-24 12:56:42','2023-09-24 16:55:12',NULL,'uploads/preview_1695560207.jpeg'),(289,'\\App\\Models\\Product','17','1695560208.jpeg','2023-09-24 12:56:42','2023-09-24 16:55:12',NULL,'uploads/preview_1695560208.jpeg'),(290,'\\App\\Models\\Product','17','1695560209.jpeg','2023-09-24 12:56:42','2023-09-24 16:55:12',NULL,'uploads/preview_1695560209.jpeg'),(291,'\\App\\Models\\Product','17','1695560210.jpeg','2023-09-24 12:56:42','2023-09-24 16:55:12',NULL,'uploads/preview_1695560210.jpeg'),(292,'\\App\\Models\\Product','33','1695569191.jpg','2023-09-24 15:26:31','2023-09-24 16:55:23',NULL,'uploads/preview_1695569191.jpg'),(293,'\\App\\Models\\Product','33','1695569192.jpg','2023-09-24 15:26:31','2023-09-24 16:55:23',NULL,'uploads/preview_1695569192.jpg'),(294,'\\App\\Models\\Product','33','1695569193.jpg','2023-09-24 15:26:31','2023-09-24 16:55:23',NULL,'uploads/preview_1695569193.jpg'),(295,'\\App\\Models\\Product','33','1695569194.jpg','2023-09-24 15:26:31','2023-09-24 16:55:23',NULL,'uploads/preview_1695569194.jpg'),(296,'\\App\\Models\\Product','33','1695569195.jpg','2023-09-24 15:26:31','2023-09-24 16:55:24',NULL,'uploads/preview_1695569195.jpg'),(297,'\\App\\Models\\Product','33','1695569196.jpg','2023-09-24 15:26:31','2023-09-24 16:55:24',NULL,'uploads/preview_1695569196.jpg'),(298,'\\App\\Models\\Product','33','1695569197.jpg','2023-09-24 15:26:31','2023-09-24 16:55:24',NULL,'uploads/preview_1695569197.jpg');
/*!40000 ALTER TABLE `photo_tables` ENABLE KEYS */;
UNLOCK TABLES;

--
-- Table structure for table `policy_and_privices`
--

DROP TABLE IF EXISTS `policy_and_privices`;
/*!40101 SET @saved_cs_client     = @@character_set_client */;
/*!50503 SET character_set_client = utf8mb4 */;
CREATE TABLE `policy_and_privices` (
  `id` bigint unsigned NOT NULL AUTO_INCREMENT,
  `police_content` json DEFAULT NULL,
  `police_content_en` longtext COLLATE utf8mb4_unicode_ci,
  `police_content_tr` longtext COLLATE utf8mb4_unicode_ci,
  `privice_content` json DEFAULT NULL,
  `privice_content_en` longtext COLLATE utf8mb4_unicode_ci,
  `privice_content_tr` longtext COLLATE utf8mb4_unicode_ci,
  `created_at` timestamp NULL DEFAULT NULL,
  `updated_at` timestamp NULL DEFAULT NULL,
  PRIMARY KEY (`id`)
) ENGINE=InnoDB AUTO_INCREMENT=4 DEFAULT CHARSET=utf8mb4 COLLATE=utf8mb4_unicode_ci;
/*!40101 SET character_set_client = @saved_cs_client */;

--
-- Dumping data for table `policy_and_privices`
--

LOCK TABLES `policy_and_privices` WRITE;
/*!40000 ALTER TABLE `policy_and_privices` DISABLE KEYS */;
INSERT INTO `policy_and_privices` VALUES (1,'\"<p><a class=\\\"footer__subtitle\\\" href=\\\"../company_page/page_id=6\\\">Пользовательское соглашение при использовании сайта</a></p>\"','\"<p>en<\\/p>\"','\"<p>tr<\\/p>\"','\"<h4 class=\\\"card-title\\\">Политика Обработки Персональных Данных</h4>\\r\\n<form class=\\\"forms-sample\\\" action=\\\"https://dev.one-team.pro/admin/privice_create\\\" enctype=\\\"multipart/form-data\\\" method=\\\"post\\\">\\r\\n<div class=\\\"tox tox-tinymce\\\" role=\\\"application\\\" aria-disabled=\\\"false\\\">\\r\\n<div class=\\\"tox-editor-container\\\">\\r\\n<div class=\\\"tox-editor-header\\\" data-alloy-vertical-dir=\\\"toptobottom\\\">\\r\\n<div class=\\\"tox-promotion\\\">&nbsp;</div>\\r\\n</div>\\r\\n</div>\\r\\n</div>\\r\\n</form>\"','\"<p>en<\\/p>\"','\"<p>tr<\\/p>\"','2023-07-07 05:15:14','2023-07-10 14:05:43');
/*!40000 ALTER TABLE `policy_and_privices` ENABLE KEYS */;
UNLOCK TABLES;

--
-- Table structure for table `product_categories`
--

DROP TABLE IF EXISTS `product_categories`;
/*!40101 SET @saved_cs_client     = @@character_set_client */;
/*!50503 SET character_set_client = utf8mb4 */;
CREATE TABLE `product_categories` (
  `id` bigint unsigned NOT NULL AUTO_INCREMENT,
  `product_id` bigint unsigned DEFAULT NULL,
  `peculiarities_id` bigint unsigned DEFAULT NULL,
  `created_at` timestamp NULL DEFAULT NULL,
  `updated_at` timestamp NULL DEFAULT NULL,
  `type` varchar(255) COLLATE utf8mb4_unicode_ci DEFAULT NULL,
  PRIMARY KEY (`id`),
  KEY `product_categories_product_id_foreign` (`product_id`),
  KEY `product_categories_peculiarities_id_foreign` (`peculiarities_id`),
  CONSTRAINT `product_categories_peculiarities_id_foreign` FOREIGN KEY (`peculiarities_id`) REFERENCES `peculiarities` (`id`) ON DELETE CASCADE,
  CONSTRAINT `product_categories_product_id_foreign` FOREIGN KEY (`product_id`) REFERENCES `products` (`id`) ON DELETE CASCADE
) ENGINE=InnoDB AUTO_INCREMENT=5702 DEFAULT CHARSET=utf8mb4 COLLATE=utf8mb4_unicode_ci;
/*!40101 SET character_set_client = @saved_cs_client */;

--
-- Dumping data for table `product_categories`
--

LOCK TABLES `product_categories` WRITE;
/*!40000 ALTER TABLE `product_categories` DISABLE KEYS */;
INSERT INTO `product_categories` VALUES (151,7,21,'2023-06-09 08:56:14','2023-06-09 08:56:14','Особенности'),(152,7,20,'2023-06-09 08:56:14','2023-06-09 08:56:14','Особенности'),(153,7,22,'2023-06-09 08:56:14','2023-06-09 08:56:14','Особенности'),(154,7,23,'2023-06-09 08:56:14','2023-06-09 08:56:14','Особенности'),(155,7,25,'2023-06-09 08:56:14','2023-06-09 08:56:14','Особенности'),(156,7,31,'2023-06-09 08:56:14','2023-06-09 08:56:14','Вид'),(157,7,34,'2023-06-09 08:56:14','2023-06-09 08:56:14','До моря'),(158,7,13,'2023-06-09 08:56:14','2023-06-09 08:56:14','Спальни'),(159,7,15,'2023-06-09 08:56:14','2023-06-09 08:56:14','Ванные'),(160,7,349,'2023-06-09 08:56:14','2023-06-09 08:56:14','Гостиные'),(169,8,21,'2023-06-09 09:30:46','2023-06-09 09:30:46','Особенности'),(170,8,22,'2023-06-09 09:30:46','2023-06-09 09:30:46','Особенности'),(171,8,29,'2023-06-09 09:30:46','2023-06-09 09:30:46','Вид'),(172,8,33,'2023-06-09 09:30:46','2023-06-09 09:30:46','До моря'),(173,8,10,'2023-06-09 09:30:46','2023-06-09 09:30:46','Спальни'),(174,8,15,'2023-06-09 09:30:46','2023-06-09 09:30:46','Ванные'),(175,8,348,'2023-06-09 09:30:46','2023-06-09 09:30:46','Гостиные'),(3529,16,20,'2023-09-22 23:29:13','2023-09-22 23:29:13','Особенности'),(3530,16,23,'2023-09-22 23:29:13','2023-09-22 23:29:13','Особенности'),(3531,16,26,'2023-09-22 23:29:13','2023-09-22 23:29:13','Особенности'),(3532,16,27,'2023-09-22 23:29:13','2023-09-22 23:29:13','Особенности'),(3533,16,32,'2023-09-22 23:29:13','2023-09-22 23:29:13','Вид'),(3534,16,33,'2023-09-22 23:29:13','2023-09-22 23:29:13','До моря'),(3535,16,13,'2023-09-22 23:29:13','2023-09-22 23:29:13','Спальни'),(3536,16,15,'2023-09-22 23:29:13','2023-09-22 23:29:13','Ванные'),(3537,16,349,'2023-09-22 23:29:13','2023-09-22 23:29:13','Гостиные'),(3538,16,6,'2023-09-22 23:29:13','2023-09-22 23:29:13','Типы'),(3945,27,20,'2023-09-23 16:06:52','2023-09-23 16:06:52','Особенности'),(3946,27,21,'2023-09-23 16:06:52','2023-09-23 16:06:52','Особенности'),(3947,27,22,'2023-09-23 16:06:52','2023-09-23 16:06:52','Особенности'),(3948,27,23,'2023-09-23 16:06:52','2023-09-23 16:06:52','Особенности'),(3949,27,24,'2023-09-23 16:06:52','2023-09-23 16:06:52','Особенности'),(3950,27,26,'2023-09-23 16:06:52','2023-09-23 16:06:52','Особенности'),(3951,27,363,'2023-09-23 16:06:52','2023-09-23 16:06:52','Особенности'),(3952,27,364,'2023-09-23 16:06:52','2023-09-23 16:06:52','Особенности'),(3953,27,365,'2023-09-23 16:06:52','2023-09-23 16:06:52','Особенности'),(3954,27,32,'2023-09-23 16:06:52','2023-09-23 16:06:52','Вид'),(3955,27,362,'2023-09-23 16:06:52','2023-09-23 16:06:52','До моря'),(3956,27,12,'2023-09-23 16:06:52','2023-09-23 16:06:52','Спальни'),(3957,27,15,'2023-09-23 16:06:52','2023-09-23 16:06:52','Ванные'),(3958,27,349,'2023-09-23 16:06:52','2023-09-23 16:06:52','Гостиные'),(3959,27,6,'2023-09-23 16:06:52','2023-09-23 16:06:52','Типы'),(4246,24,21,'2023-09-23 16:26:04','2023-09-23 16:26:04','Особенности'),(4247,24,22,'2023-09-23 16:26:04','2023-09-23 16:26:04','Особенности'),(4248,24,23,'2023-09-23 16:26:04','2023-09-23 16:26:04','Особенности'),(4249,24,24,'2023-09-23 16:26:04','2023-09-23 16:26:04','Особенности'),(4250,24,27,'2023-09-23 16:26:04','2023-09-23 16:26:04','Особенности'),(4251,24,28,'2023-09-23 16:26:04','2023-09-23 16:26:04','Особенности'),(4252,24,353,'2023-09-23 16:26:04','2023-09-23 16:26:04','Особенности'),(4253,24,355,'2023-09-23 16:26:04','2023-09-23 16:26:04','Особенности'),(4254,24,356,'2023-09-23 16:26:04','2023-09-23 16:26:04','Особенности'),(4255,24,358,'2023-09-23 16:26:04','2023-09-23 16:26:04','Особенности'),(4256,24,361,'2023-09-23 16:26:04','2023-09-23 16:26:04','Вид'),(4257,24,36,'2023-09-23 16:26:04','2023-09-23 16:26:04','До моря'),(4258,24,10,'2023-09-23 16:26:04','2023-09-23 16:26:04','Спальни'),(4259,24,15,'2023-09-23 16:26:04','2023-09-23 16:26:04','Ванные'),(4260,24,349,'2023-09-23 16:26:04','2023-09-23 16:26:04','Гостиные'),(4261,24,6,'2023-09-23 16:26:04','2023-09-23 16:26:04','Типы'),(4360,23,21,'2023-09-23 16:33:54','2023-09-23 16:33:54','Особенности'),(4361,23,22,'2023-09-23 16:33:54','2023-09-23 16:33:54','Особенности'),(4362,23,23,'2023-09-23 16:33:54','2023-09-23 16:33:54','Особенности'),(4363,23,24,'2023-09-23 16:33:54','2023-09-23 16:33:54','Особенности'),(4364,23,27,'2023-09-23 16:33:54','2023-09-23 16:33:54','Особенности'),(4365,23,353,'2023-09-23 16:33:54','2023-09-23 16:33:54','Особенности'),(4366,23,356,'2023-09-23 16:33:54','2023-09-23 16:33:54','Особенности'),(4367,23,358,'2023-09-23 16:33:54','2023-09-23 16:33:54','Особенности'),(4368,23,361,'2023-09-23 16:33:54','2023-09-23 16:33:54','Вид'),(4369,23,36,'2023-09-23 16:33:54','2023-09-23 16:33:54','До моря'),(4370,23,10,'2023-09-23 16:33:54','2023-09-23 16:33:54','Спальни'),(4371,23,15,'2023-09-23 16:33:54','2023-09-23 16:33:54','Ванные'),(4372,23,349,'2023-09-23 16:33:54','2023-09-23 16:33:54','Гостиные'),(4373,23,6,'2023-09-23 16:33:54','2023-09-23 16:33:54','Типы'),(4472,25,21,'2023-09-23 18:19:07','2023-09-23 18:19:07','Особенности'),(4473,25,22,'2023-09-23 18:19:07','2023-09-23 18:19:07','Особенности'),(4474,25,23,'2023-09-23 18:19:07','2023-09-23 18:19:07','Особенности'),(4475,25,24,'2023-09-23 18:19:07','2023-09-23 18:19:07','Особенности'),(4476,25,27,'2023-09-23 18:19:07','2023-09-23 18:19:07','Особенности'),(4477,25,28,'2023-09-23 18:19:07','2023-09-23 18:19:07','Особенности'),(4478,25,353,'2023-09-23 18:19:07','2023-09-23 18:19:07','Особенности'),(4479,25,356,'2023-09-23 18:19:07','2023-09-23 18:19:07','Особенности'),(4480,25,361,'2023-09-23 18:19:07','2023-09-23 18:19:07','Вид'),(4481,25,36,'2023-09-23 18:19:07','2023-09-23 18:19:07','До моря'),(4482,25,10,'2023-09-23 18:19:07','2023-09-23 18:19:07','Спальни'),(4483,25,15,'2023-09-23 18:19:07','2023-09-23 18:19:07','Ванные'),(4484,25,349,'2023-09-23 18:19:07','2023-09-23 18:19:07','Гостиные'),(4485,25,6,'2023-09-23 18:19:07','2023-09-23 18:19:07','Типы'),(4702,30,20,'2023-09-23 19:39:40','2023-09-23 19:39:40','Особенности'),(4703,30,21,'2023-09-23 19:39:40','2023-09-23 19:39:40','Особенности'),(4704,30,22,'2023-09-23 19:39:40','2023-09-23 19:39:40','Особенности'),(4705,30,23,'2023-09-23 19:39:40','2023-09-23 19:39:40','Особенности'),(4706,30,24,'2023-09-23 19:39:40','2023-09-23 19:39:40','Особенности'),(4707,30,27,'2023-09-23 19:39:40','2023-09-23 19:39:40','Особенности'),(4708,30,28,'2023-09-23 19:39:40','2023-09-23 19:39:40','Особенности'),(4709,30,353,'2023-09-23 19:39:40','2023-09-23 19:39:40','Особенности'),(4710,30,355,'2023-09-23 19:39:40','2023-09-23 19:39:40','Особенности'),(4711,30,356,'2023-09-23 19:39:40','2023-09-23 19:39:40','Особенности'),(4712,30,360,'2023-09-23 19:39:40','2023-09-23 19:39:40','Особенности'),(4713,30,364,'2023-09-23 19:39:40','2023-09-23 19:39:40','Особенности'),(4714,30,361,'2023-09-23 19:39:40','2023-09-23 19:39:40','Вид'),(4715,30,36,'2023-09-23 19:39:40','2023-09-23 19:39:40','До моря'),(4716,30,11,'2023-09-23 19:39:40','2023-09-23 19:39:40','Спальни'),(4717,30,15,'2023-09-23 19:39:40','2023-09-23 19:39:40','Ванные'),(4718,30,349,'2023-09-23 19:39:40','2023-09-23 19:39:40','Гостиные'),(4719,30,6,'2023-09-23 19:39:40','2023-09-23 19:39:40','Типы'),(4981,31,20,'2023-09-23 20:39:54','2023-09-23 20:39:54','Особенности'),(4982,31,21,'2023-09-23 20:39:54','2023-09-23 20:39:54','Особенности'),(4983,31,22,'2023-09-23 20:39:54','2023-09-23 20:39:54','Особенности'),(4984,31,23,'2023-09-23 20:39:54','2023-09-23 20:39:54','Особенности'),(4985,31,24,'2023-09-23 20:39:54','2023-09-23 20:39:54','Особенности'),(4986,31,27,'2023-09-23 20:39:54','2023-09-23 20:39:54','Особенности'),(4987,31,28,'2023-09-23 20:39:54','2023-09-23 20:39:54','Особенности'),(4988,31,353,'2023-09-23 20:39:54','2023-09-23 20:39:54','Особенности'),(4989,31,355,'2023-09-23 20:39:54','2023-09-23 20:39:54','Особенности'),(4990,31,356,'2023-09-23 20:39:54','2023-09-23 20:39:54','Особенности'),(4991,31,354,'2023-09-23 20:39:54','2023-09-23 20:39:54','Особенности'),(4992,31,359,'2023-09-23 20:39:54','2023-09-23 20:39:54','Особенности'),(4993,31,366,'2023-09-23 20:39:54','2023-09-23 20:39:54','Особенности'),(4994,31,367,'2023-09-23 20:39:54','2023-09-23 20:39:54','Особенности'),(4995,31,368,'2023-09-23 20:39:54','2023-09-23 20:39:54','Особенности'),(4996,31,12,'2023-09-23 20:39:54','2023-09-23 20:39:54','Спальни'),(4997,31,15,'2023-09-23 20:39:54','2023-09-23 20:39:54','Ванные'),(4998,31,349,'2023-09-23 20:39:54','2023-09-23 20:39:54','Гостиные'),(4999,31,6,'2023-09-23 20:39:54','2023-09-23 20:39:54','Типы'),(5287,29,20,'2023-09-23 21:58:36','2023-09-23 21:58:36','Особенности'),(5288,29,21,'2023-09-23 21:58:36','2023-09-23 21:58:36','Особенности'),(5289,29,22,'2023-09-23 21:58:36','2023-09-23 21:58:36','Особенности'),(5290,29,23,'2023-09-23 21:58:36','2023-09-23 21:58:36','Особенности'),(5291,29,24,'2023-09-23 21:58:36','2023-09-23 21:58:36','Особенности'),(5292,29,353,'2023-09-23 21:58:36','2023-09-23 21:58:36','Особенности'),(5293,29,354,'2023-09-23 21:58:36','2023-09-23 21:58:36','Особенности'),(5294,29,355,'2023-09-23 21:58:36','2023-09-23 21:58:36','Особенности'),(5295,29,356,'2023-09-23 21:58:36','2023-09-23 21:58:36','Особенности'),(5296,29,32,'2023-09-23 21:58:36','2023-09-23 21:58:36','Вид'),(5297,29,33,'2023-09-23 21:58:36','2023-09-23 21:58:36','До моря'),(5298,29,10,'2023-09-23 21:58:36','2023-09-23 21:58:36','Спальни'),(5299,29,15,'2023-09-23 21:58:36','2023-09-23 21:58:36','Ванные'),(5300,29,349,'2023-09-23 21:58:36','2023-09-23 21:58:36','Гостиные'),(5301,29,6,'2023-09-23 21:58:36','2023-09-23 21:58:36','Типы'),(5302,28,23,'2023-09-23 21:59:25','2023-09-23 21:59:25','Особенности'),(5303,28,24,'2023-09-23 21:59:25','2023-09-23 21:59:25','Особенности'),(5304,28,27,'2023-09-23 21:59:25','2023-09-23 21:59:25','Особенности'),(5305,28,356,'2023-09-23 21:59:25','2023-09-23 21:59:25','Особенности'),(5306,28,360,'2023-09-23 21:59:25','2023-09-23 21:59:25','Особенности'),(5307,28,32,'2023-09-23 21:59:25','2023-09-23 21:59:25','Вид'),(5308,28,351,'2023-09-23 21:59:25','2023-09-23 21:59:25','До моря'),(5309,28,11,'2023-09-23 21:59:25','2023-09-23 21:59:25','Спальни'),(5310,28,15,'2023-09-23 21:59:25','2023-09-23 21:59:25','Ванные'),(5311,28,349,'2023-09-23 21:59:25','2023-09-23 21:59:25','Гостиные'),(5312,28,6,'2023-09-23 21:59:25','2023-09-23 21:59:25','Типы'),(5313,26,21,'2023-09-23 21:59:43','2023-09-23 21:59:43','Особенности'),(5314,26,22,'2023-09-23 21:59:43','2023-09-23 21:59:43','Особенности'),(5315,26,23,'2023-09-23 21:59:43','2023-09-23 21:59:43','Особенности'),(5316,26,24,'2023-09-23 21:59:43','2023-09-23 21:59:43','Особенности'),(5317,26,27,'2023-09-23 21:59:43','2023-09-23 21:59:43','Особенности'),(5318,26,353,'2023-09-23 21:59:43','2023-09-23 21:59:43','Особенности'),(5319,26,356,'2023-09-23 21:59:43','2023-09-23 21:59:43','Особенности'),(5320,26,360,'2023-09-23 21:59:43','2023-09-23 21:59:43','Особенности'),(5321,26,29,'2023-09-23 21:59:43','2023-09-23 21:59:43','Вид'),(5322,26,33,'2023-09-23 21:59:43','2023-09-23 21:59:43','До моря'),(5323,26,10,'2023-09-23 21:59:43','2023-09-23 21:59:43','Спальни'),(5324,26,15,'2023-09-23 21:59:43','2023-09-23 21:59:43','Ванные'),(5325,26,349,'2023-09-23 21:59:43','2023-09-23 21:59:43','Гостиные'),(5326,26,6,'2023-09-23 21:59:43','2023-09-23 21:59:43','Типы'),(5484,22,20,'2023-09-24 12:09:01','2023-09-24 12:09:01','Особенности'),(5485,22,21,'2023-09-24 12:09:01','2023-09-24 12:09:01','Особенности'),(5486,22,22,'2023-09-24 12:09:01','2023-09-24 12:09:01','Особенности'),(5487,22,23,'2023-09-24 12:09:01','2023-09-24 12:09:01','Особенности'),(5488,22,24,'2023-09-24 12:09:01','2023-09-24 12:09:01','Особенности'),(5489,22,25,'2023-09-24 12:09:01','2023-09-24 12:09:01','Особенности'),(5490,22,26,'2023-09-24 12:09:01','2023-09-24 12:09:01','Особенности'),(5491,22,27,'2023-09-24 12:09:01','2023-09-24 12:09:01','Особенности'),(5492,22,353,'2023-09-24 12:09:01','2023-09-24 12:09:01','Особенности'),(5493,22,354,'2023-09-24 12:09:01','2023-09-24 12:09:01','Особенности'),(5494,22,356,'2023-09-24 12:09:01','2023-09-24 12:09:01','Особенности'),(5495,22,360,'2023-09-24 12:09:01','2023-09-24 12:09:01','Особенности'),(5496,22,29,'2023-09-24 12:09:01','2023-09-24 12:09:01','Вид'),(5497,22,33,'2023-09-24 12:09:01','2023-09-24 12:09:01','До моря'),(5498,22,10,'2023-09-24 12:09:01','2023-09-24 12:09:01','Спальни'),(5499,22,15,'2023-09-24 12:09:01','2023-09-24 12:09:01','Ванные'),(5500,22,349,'2023-09-24 12:09:01','2023-09-24 12:09:01','Гостиные'),(5501,22,6,'2023-09-24 12:09:01','2023-09-24 12:09:01','Типы'),(5518,20,20,'2023-09-24 12:50:25','2023-09-24 12:50:25','Особенности'),(5519,20,21,'2023-09-24 12:50:25','2023-09-24 12:50:25','Особенности'),(5520,20,22,'2023-09-24 12:50:25','2023-09-24 12:50:25','Особенности'),(5521,20,23,'2023-09-24 12:50:25','2023-09-24 12:50:25','Особенности'),(5522,20,24,'2023-09-24 12:50:25','2023-09-24 12:50:25','Особенности'),(5523,20,26,'2023-09-24 12:50:25','2023-09-24 12:50:25','Особенности'),(5524,20,27,'2023-09-24 12:50:25','2023-09-24 12:50:25','Особенности'),(5525,20,353,'2023-09-24 12:50:25','2023-09-24 12:50:25','Особенности'),(5526,20,354,'2023-09-24 12:50:25','2023-09-24 12:50:25','Особенности'),(5527,20,356,'2023-09-24 12:50:25','2023-09-24 12:50:25','Особенности'),(5528,20,29,'2023-09-24 12:50:25','2023-09-24 12:50:25','Вид'),(5529,20,357,'2023-09-24 12:50:25','2023-09-24 12:50:25','До моря'),(5530,20,10,'2023-09-24 12:50:25','2023-09-24 12:50:25','Спальни'),(5531,20,15,'2023-09-24 12:50:25','2023-09-24 12:50:25','Ванные'),(5532,20,349,'2023-09-24 12:50:25','2023-09-24 12:50:25','Гостиные'),(5533,20,6,'2023-09-24 12:50:25','2023-09-24 12:50:25','Типы'),(5545,18,20,'2023-09-24 12:51:53','2023-09-24 12:51:53','Особенности'),(5546,18,22,'2023-09-24 12:51:53','2023-09-24 12:51:53','Особенности'),(5547,18,23,'2023-09-24 12:51:53','2023-09-24 12:51:53','Особенности'),(5548,18,27,'2023-09-24 12:51:53','2023-09-24 12:51:53','Особенности'),(5549,18,355,'2023-09-24 12:51:53','2023-09-24 12:51:53','Особенности'),(5550,18,32,'2023-09-24 12:51:53','2023-09-24 12:51:53','Вид'),(5551,18,351,'2023-09-24 12:51:53','2023-09-24 12:51:53','До моря'),(5552,18,10,'2023-09-24 12:51:53','2023-09-24 12:51:53','Спальни'),(5553,18,15,'2023-09-24 12:51:53','2023-09-24 12:51:53','Ванные'),(5554,18,349,'2023-09-24 12:51:53','2023-09-24 12:51:53','Гостиные'),(5555,18,6,'2023-09-24 12:51:53','2023-09-24 12:51:53','Типы'),(5569,21,20,'2023-09-24 12:54:19','2023-09-24 12:54:19','Особенности'),(5570,21,21,'2023-09-24 12:54:19','2023-09-24 12:54:19','Особенности'),(5571,21,22,'2023-09-24 12:54:19','2023-09-24 12:54:19','Особенности'),(5572,21,23,'2023-09-24 12:54:19','2023-09-24 12:54:19','Особенности'),(5573,21,24,'2023-09-24 12:54:19','2023-09-24 12:54:19','Особенности'),(5574,21,353,'2023-09-24 12:54:19','2023-09-24 12:54:19','Особенности'),(5575,21,354,'2023-09-24 12:54:19','2023-09-24 12:54:19','Особенности'),(5576,21,29,'2023-09-24 12:54:19','2023-09-24 12:54:19','Вид'),(5577,21,351,'2023-09-24 12:54:19','2023-09-24 12:54:19','До моря'),(5578,21,10,'2023-09-24 12:54:19','2023-09-24 12:54:19','Спальни'),(5579,21,15,'2023-09-24 12:54:19','2023-09-24 12:54:19','Ванные'),(5580,21,349,'2023-09-24 12:54:19','2023-09-24 12:54:19','Гостиные'),(5581,21,6,'2023-09-24 12:54:19','2023-09-24 12:54:19','Типы'),(5595,17,20,'2023-09-24 12:56:42','2023-09-24 12:56:42','Особенности'),(5596,17,21,'2023-09-24 12:56:42','2023-09-24 12:56:42','Особенности'),(5597,17,22,'2023-09-24 12:56:42','2023-09-24 12:56:42','Особенности'),(5598,17,23,'2023-09-24 12:56:42','2023-09-24 12:56:42','Особенности'),(5599,17,24,'2023-09-24 12:56:42','2023-09-24 12:56:42','Особенности'),(5600,17,26,'2023-09-24 12:56:42','2023-09-24 12:56:42','Особенности'),(5601,17,27,'2023-09-24 12:56:42','2023-09-24 12:56:42','Особенности'),(5602,17,32,'2023-09-24 12:56:42','2023-09-24 12:56:42','Вид'),(5603,17,351,'2023-09-24 12:56:42','2023-09-24 12:56:42','До моря'),(5604,17,10,'2023-09-24 12:56:42','2023-09-24 12:56:42','Спальни'),(5605,17,16,'2023-09-24 12:56:42','2023-09-24 12:56:42','Ванные'),(5606,17,349,'2023-09-24 12:56:42','2023-09-24 12:56:42','Гостиные'),(5607,17,6,'2023-09-24 12:56:42','2023-09-24 12:56:42','Типы'),(5608,32,20,'2023-09-24 14:33:18','2023-09-24 14:33:18','Особенности'),(5609,32,21,'2023-09-24 14:33:18','2023-09-24 14:33:18','Особенности'),(5610,32,22,'2023-09-24 14:33:18','2023-09-24 14:33:18','Особенности'),(5611,32,23,'2023-09-24 14:33:18','2023-09-24 14:33:18','Особенности'),(5612,32,24,'2023-09-24 14:33:18','2023-09-24 14:33:18','Особенности'),(5613,32,27,'2023-09-24 14:33:19','2023-09-24 14:33:19','Особенности'),(5614,32,354,'2023-09-24 14:33:19','2023-09-24 14:33:19','Особенности'),(5615,32,355,'2023-09-24 14:33:19','2023-09-24 14:33:19','Особенности'),(5616,32,356,'2023-09-24 14:33:19','2023-09-24 14:33:19','Особенности'),(5617,32,360,'2023-09-24 14:33:19','2023-09-24 14:33:19','Особенности'),(5618,32,366,'2023-09-24 14:33:19','2023-09-24 14:33:19','Особенности'),(5619,32,367,'2023-09-24 14:33:19','2023-09-24 14:33:19','Особенности'),(5620,32,368,'2023-09-24 14:33:19','2023-09-24 14:33:19','Особенности'),(5621,32,369,'2023-09-24 14:33:19','2023-09-24 14:33:19','Особенности'),(5622,32,370,'2023-09-24 14:33:19','2023-09-24 14:33:19','Особенности'),(5623,32,371,'2023-09-24 14:33:19','2023-09-24 14:33:19','Особенности'),(5624,32,357,'2023-09-24 14:33:19','2023-09-24 14:33:19','До моря'),(5625,32,12,'2023-09-24 14:33:19','2023-09-24 14:33:19','Спальни'),(5626,32,15,'2023-09-24 14:33:19','2023-09-24 14:33:19','Ванные'),(5627,32,349,'2023-09-24 14:33:19','2023-09-24 14:33:19','Гостиные'),(5628,32,6,'2023-09-24 14:33:19','2023-09-24 14:33:19','Типы'),(5633,15,20,'2023-09-24 15:38:27','2023-09-24 15:38:27','Особенности'),(5634,15,21,'2023-09-24 15:38:27','2023-09-24 15:38:27','Особенности'),(5635,15,22,'2023-09-24 15:38:27','2023-09-24 15:38:27','Особенности'),(5636,15,23,'2023-09-24 15:38:27','2023-09-24 15:38:27','Особенности'),(5637,15,24,'2023-09-24 15:38:27','2023-09-24 15:38:27','Особенности'),(5638,15,27,'2023-09-24 15:38:27','2023-09-24 15:38:27','Особенности'),(5639,15,28,'2023-09-24 15:38:27','2023-09-24 15:38:27','Особенности'),(5640,15,32,'2023-09-24 15:38:27','2023-09-24 15:38:27','Вид'),(5641,15,36,'2023-09-24 15:38:27','2023-09-24 15:38:27','До моря'),(5642,15,10,'2023-09-24 15:38:27','2023-09-24 15:38:27','Спальни'),(5643,15,15,'2023-09-24 15:38:27','2023-09-24 15:38:27','Ванные'),(5644,15,349,'2023-09-24 15:38:27','2023-09-24 15:38:27','Гостиные'),(5645,15,6,'2023-09-24 15:38:27','2023-09-24 15:38:27','Типы'),(5646,19,22,'2023-09-24 15:45:03','2023-09-24 15:45:03','Особенности'),(5647,19,23,'2023-09-24 15:45:03','2023-09-24 15:45:03','Особенности'),(5648,19,26,'2023-09-24 15:45:03','2023-09-24 15:45:03','Особенности'),(5649,19,27,'2023-09-24 15:45:03','2023-09-24 15:45:03','Особенности'),(5650,19,20,'2023-09-24 15:45:03','2023-09-24 15:45:03','Особенности'),(5651,19,24,'2023-09-24 15:45:03','2023-09-24 15:45:03','Особенности'),(5652,19,28,'2023-09-24 15:45:03','2023-09-24 15:45:03','Особенности'),(5653,19,353,'2023-09-24 15:45:03','2023-09-24 15:45:03','Особенности'),(5654,19,354,'2023-09-24 15:45:03','2023-09-24 15:45:03','Особенности'),(5655,19,355,'2023-09-24 15:45:03','2023-09-24 15:45:03','Особенности'),(5656,19,356,'2023-09-24 15:45:03','2023-09-24 15:45:03','Особенности'),(5657,19,358,'2023-09-24 15:45:03','2023-09-24 15:45:03','Особенности'),(5658,19,360,'2023-09-24 15:45:03','2023-09-24 15:45:03','Особенности'),(5659,19,29,'2023-09-24 15:45:03','2023-09-24 15:45:03','Вид'),(5660,19,357,'2023-09-24 15:45:03','2023-09-24 15:45:03','До моря'),(5661,19,10,'2023-09-24 15:45:03','2023-09-24 15:45:03','Спальни'),(5662,19,15,'2023-09-24 15:45:03','2023-09-24 15:45:03','Ванные'),(5663,19,349,'2023-09-24 15:45:03','2023-09-24 15:45:03','Гостиные'),(5664,19,6,'2023-09-24 15:45:03','2023-09-24 15:45:03','Типы'),(5691,33,20,'2023-09-24 16:24:32','2023-09-24 16:24:32','Особенности'),(5692,33,22,'2023-09-24 16:24:32','2023-09-24 16:24:32','Особенности'),(5693,33,23,'2023-09-24 16:24:32','2023-09-24 16:24:32','Особенности'),(5694,33,24,'2023-09-24 16:24:32','2023-09-24 16:24:32','Особенности'),(5695,33,27,'2023-09-24 16:24:32','2023-09-24 16:24:32','Особенности'),(5696,33,353,'2023-09-24 16:24:32','2023-09-24 16:24:32','Особенности'),(5697,33,368,'2023-09-24 16:24:32','2023-09-24 16:24:32','Особенности'),(5698,33,11,'2023-09-24 16:24:32','2023-09-24 16:24:32','Спальни'),(5699,33,15,'2023-09-24 16:24:32','2023-09-24 16:24:32','Ванные'),(5700,33,349,'2023-09-24 16:24:32','2023-09-24 16:24:32','Гостиные'),(5701,33,6,'2023-09-24 16:24:32','2023-09-24 16:24:32','Типы');
/*!40000 ALTER TABLE `product_categories` ENABLE KEYS */;
UNLOCK TABLES;

--
-- Table structure for table `product_drawings`
--

DROP TABLE IF EXISTS `product_drawings`;
/*!40101 SET @saved_cs_client     = @@character_set_client */;
/*!50503 SET character_set_client = utf8mb4 */;
CREATE TABLE `product_drawings` (
  `id` bigint unsigned NOT NULL AUTO_INCREMENT,
  `product_id` bigint unsigned DEFAULT NULL,
  `photo` varchar(255) COLLATE utf8mb4_unicode_ci DEFAULT NULL,
  `created_at` timestamp NULL DEFAULT NULL,
  `updated_at` timestamp NULL DEFAULT NULL,
  PRIMARY KEY (`id`),
  KEY `product_drawings_product_id_foreign` (`product_id`),
  CONSTRAINT `product_drawings_product_id_foreign` FOREIGN KEY (`product_id`) REFERENCES `products` (`id`) ON DELETE CASCADE
) ENGINE=InnoDB AUTO_INCREMENT=3 DEFAULT CHARSET=utf8mb4 COLLATE=utf8mb4_unicode_ci;
/*!40101 SET character_set_client = @saved_cs_client */;

--
-- Dumping data for table `product_drawings`
--

LOCK TABLES `product_drawings` WRITE;
/*!40000 ALTER TABLE `product_drawings` DISABLE KEYS */;
/*!40000 ALTER TABLE `product_drawings` ENABLE KEYS */;
UNLOCK TABLES;

--
-- Table structure for table `products`
--

DROP TABLE IF EXISTS `products`;
/*!40101 SET @saved_cs_client     = @@character_set_client */;
/*!50503 SET character_set_client = utf8mb4 */;
CREATE TABLE `products` (
  `id` bigint unsigned NOT NULL AUTO_INCREMENT,
  `country_id` varchar(255) COLLATE utf8mb4_unicode_ci DEFAULT NULL,
  `city_id` varchar(255) COLLATE utf8mb4_unicode_ci DEFAULT NULL,
  `sale_or_rent` varchar(255) COLLATE utf8mb4_unicode_ci DEFAULT NULL,
  `name` varchar(255) COLLATE utf8mb4_unicode_ci DEFAULT NULL,
  `address` varchar(255) COLLATE utf8mb4_unicode_ci DEFAULT NULL,
  `size` int NOT NULL,
  `size_home` varchar(255) COLLATE utf8mb4_unicode_ci DEFAULT NULL,
  `price` bigint DEFAULT NULL,
  `price_code` varchar(255) COLLATE utf8mb4_unicode_ci NOT NULL,
  `description` longtext COLLATE utf8mb4_unicode_ci,
  `description_en` longtext COLLATE utf8mb4_unicode_ci,
  `description_tr` longtext COLLATE utf8mb4_unicode_ci,
  `lat` double DEFAULT NULL,
  `long` double DEFAULT NULL,
  `citizenship` varchar(255) COLLATE utf8mb4_unicode_ci DEFAULT NULL,
  `status` varchar(255) COLLATE utf8mb4_unicode_ci DEFAULT NULL,
  `disposition` longtext COLLATE utf8mb4_unicode_ci,
  `disposition_en` longtext COLLATE utf8mb4_unicode_ci,
  `disposition_tr` longtext COLLATE utf8mb4_unicode_ci,
  `created_at` timestamp NULL DEFAULT NULL,
  `updated_at` timestamp NULL DEFAULT NULL,
  `parking` varchar(255) COLLATE utf8mb4_unicode_ci DEFAULT NULL,
  `vnj` varchar(255) COLLATE utf8mb4_unicode_ci DEFAULT NULL,
  `commissions` varchar(255) COLLATE utf8mb4_unicode_ci DEFAULT NULL,
  `cryptocurrency` varchar(255) COLLATE utf8mb4_unicode_ci DEFAULT NULL,
  `owner` varchar(255) COLLATE utf8mb4_unicode_ci DEFAULT NULL,
  `grajandstvo` varchar(255) COLLATE utf8mb4_unicode_ci DEFAULT NULL,
  `complex_or_not` varchar(255) COLLATE utf8mb4_unicode_ci DEFAULT NULL,
  `objects` json DEFAULT NULL,
  `option_id` bigint unsigned DEFAULT NULL,
  `video` text COLLATE utf8mb4_unicode_ci,
  `description_de` longtext COLLATE utf8mb4_unicode_ci,
  `disposition_de` longtext COLLATE utf8mb4_unicode_ci,
  `preview_image` varchar(255) COLLATE utf8mb4_unicode_ci DEFAULT NULL,
  PRIMARY KEY (`id`),
  KEY `products_option_id_index` (`option_id`),
  CONSTRAINT `products_option_id_foreign` FOREIGN KEY (`option_id`) REFERENCES `options` (`id`) ON DELETE CASCADE ON UPDATE CASCADE
) ENGINE=InnoDB AUTO_INCREMENT=34 DEFAULT CHARSET=utf8mb4 COLLATE=utf8mb4_unicode_ci;
/*!40101 SET character_set_client = @saved_cs_client */;

--
-- Dumping data for table `products`
--

LOCK TABLES `products` WRITE;
/*!40000 ALTER TABLE `products` DISABLE KEYS */;
INSERT INTO `products` VALUES (7,NULL,NULL,NULL,'Дом у моря','152',125,'1111',100000,'','Описание на РусскомОписание на РусскомОписание на РусскомОписание на Русском','Описание на АнглискомОписание на АнглискомОписание на АнглискомОписание на Англиском','Описание на ТурецкомОписание на ТурецкомОписание на ТурецкомОписание на ТурецкомОписание на Турецком',NULL,NULL,NULL,NULL,'Расположения на РусскомРасположения на РусскомРасположения на РусскомРасположения на Русском','Расположения на АнглискомРасположения на АнглискомРасположения на АнглискомРасположения на Англиском','Расположения на ТурецкомРасположения на ТурецкомРасположения на ТурецкомРасположения на Турецком','2023-06-09 04:11:41','2023-06-09 08:56:14','Да','Нет','Нет','Да','Владелец',NULL,NULL,NULL,NULL,NULL,NULL,NULL,NULL),(8,NULL,NULL,NULL,'test','qwjoi',11,'2',1,'','123','123','123',NULL,NULL,NULL,NULL,'123123','123','123','2023-06-09 09:30:39','2023-06-09 09:30:46','Да','Да','Да','Да','Застройщик',NULL,NULL,NULL,NULL,NULL,NULL,NULL,NULL),(15,'17','33','sale','Miray Forest','Turkey, Alanya, Beldeler',44,'4730',150000,'EUR','Компания \"MIRAY INVEST\" гарантирует\r\nбезопасность и комфортные условия\r\nпокупки для каждого клиента!\r\nПрием любых видов оплат, включая\r\nкриптовалюту\r\nВозможность оформления договора онлайн\r\nБеспроцентная рассрочка от застройщика до\r\n24 месяцев\r\nШирокий постпродажный сервис (покупка\r\nмебели, оформление документов, сдача в\r\nаренду Ваших апартаментов и многое другое)','MIRAY INVEST guarantees\r\n\r\nsafety and comfortable conditions\r\n\r\npurchase for each client!\r\n\r\nAcceptance of any types of payments, including\r\n\r\ncryptocurrency\r\n\r\nPossibility to execute the contract online\r\n\r\nInterest-free installments from the developer up to\r\n\r\n24 months\r\n\r\nWide post-sale service (purchase\r\n\r\nfurniture, registration of documents, renting out\r\n\r\nrenting out your apartment and much more)','MİRAY YATIRIM garantileri\r\ngüvenli̇k ve konforlu koşullar\r\nher müşteri için satın alma!\r\nAşağıdakiler de dahil olmak üzere her türlü ödemenin kabul edilmesi\r\nkripto para\r\nSözleşmeyi çevrimiçi olarak yürütme imkanı\r\nAşağıdakilere kadar geliştiriciden faizsiz taksitler\r\n24 ay\r\nGeniş satış sonrası hizmet (satın alma\r\nmobilya, evrak işleri, dairenizi kiraya verme ve çok daha fazlası).\r\ndairenizi kiraya vermek ve çok daha fazlası)\r\n\r\nTranslated with www.DeepL.com/Translator (free version)',36.55289706762878,32.067113471379855,NULL,NULL,'Все необходимое для жизни находится в пешей доступности. С заботой о комфорте\r\nжителей данного комплекса будет курсировать бесплатный шаттл от дома до моря','Everything you need for living is within walking distance. With care for the comfort\r\n\r\nresidents of this complex will be running a free shuttle from the house to the sea','Yaşamak için ihtiyacınız olan her şey yürüme mesafesinde. Konfor için özenle\r\n\r\nBu kompleksin sakinleri için evden denize ücretsiz servis olacaktır.','2023-07-30 11:12:13','2023-09-24 15:38:27','Да','Да','Да','Да','Застройщик','Да','Да','[{\"id\": \"0\", \"size\": \"44,5\", \"floor\": \"цокольный, 1, 2\", \"price\": \"150006\", \"building\": \"Блок А\", \"price_code\": \"EUR\", \"apartment_layout\": \"1+1\", \"apartment_layout_image\": \"510bc6598a26f3df41ae39b617cdefe4.jpg\"}, {\"id\": \"1\", \"size\": \"69,5\", \"floor\": \"цокольный, 1, 2\", \"price\": \"200005\", \"building\": \"Блок А\", \"price_code\": \"EUR\", \"apartment_layout\": \"2+1\", \"apartment_layout_image\": \"7eb4a9a85292566f37cdddef66bce84c.jpg\"}, {\"id\": \"2\", \"size\": \"82\", \"floor\": \"3\", \"price\": \"250000\", \"building\": \"Блок А\", \"price_code\": \"EUR\", \"apartment_layout\": \"2+1 duplex\", \"apartment_layout_image\": \"a7b0cf64d7a8a133b3f11e779d4f5be6.jpg\"}, {\"id\": \"3\", \"size\": \"152\", \"floor\": \"3\", \"price\": \"300000\", \"building\": \"Блок А\", \"price_code\": \"EUR\", \"apartment_layout\": \"3+1 duplex\", \"apartment_layout_image\": \"bed6e918d3d53e4c400fab308713b27a.jpg\"}, {\"id\": \"4\", \"size\": \"44,5\", \"floor\": \"цокольный, 1, 2\", \"price\": \"150000\", \"building\": \"Блок B\", \"price_code\": \"EUR\", \"apartment_layout\": \"1+1\", \"apartment_layout_image\": \"079ae6cfdcc99237a4a5038ee2aa0a58.jpg\"}, {\"id\": \"5\", \"size\": \"104,5\", \"floor\": \"цокольный, 1, 2\", \"price\": \"250000\", \"building\": \"Блок B\", \"price_code\": \"EUR\", \"apartment_layout\": \"2+1\", \"apartment_layout_image\": \"3dca20f637514f0f2c6766bf6acb42f6.jpg\"}, {\"id\": \"6\", \"size\": \"86,5\", \"floor\": \"3\", \"price\": \"300000\", \"building\": \"Блок B\", \"price_code\": \"EUR\", \"apartment_layout\": \"2+1 duplex\", \"apartment_layout_image\": \"9ac15509b6682aa23c01b444700bccff.jpg\"}, {\"id\": \"7\", \"size\": \"223\", \"floor\": \"3\", \"price\": \"520000\", \"building\": \"Блок B\", \"price_code\": \"EUR\", \"apartment_layout\": \"4+1 duplex\", \"apartment_layout_image\": \"10032eba06a02d56032c824b50cdac88.jpg\"}]',NULL,NULL,'MIRAY INVEST garantiert\r\nSicherheit und komfortable Bedingungen\r\nKauf für jeden Kunden!\r\nAkzeptanz aller Arten von Zahlungen, einschließlich\r\nKryptowährungen\r\nMöglichkeit, den Vertrag online abzuschließen\r\nZinsfreie Ratenzahlung durch den Bauträger bis zu\r\n24 Monate\r\nUmfassender Nachverkaufsservice (Kauf\r\nMöbel, Papierkram, Vermietung Ihrer Wohnung und vieles mehr).\r\nVermietung Ihrer Wohnung und vieles mehr)','Alles, was Sie zum Leben brauchen, ist zu Fuß erreichbar. Mit Rücksicht auf den Komfort\r\nder Bewohner dieser Anlage wird ein kostenloser Shuttle-Service vom Haus zum Meer angeboten.','uploads/preview_1690751488.jpg'),(16,'17','30','sale','Serra 12','ALTINKALE / DÖŞEMEALTI /ANTALYA',3951,'3951',959185,'EUR','Особый дизайн, роскошь, самые современные технологии, первоклассные\r\nчастные виллы с собственными бассейнами в охраняемом комплексе\r\n\r\nОсобенности\r\n\r\n- Охрана 7/24 и камеры наблюдения. Вход на территорию\r\nпароль и фотоэлемент Дверь Dorma или Assa Abloy.\r\n- Стены сада имеют архитектурный дизайн\r\nбалюстрада из навесного бетона.\r\n- Молниеотвод\r\n- Генератор полной мощности Arken, Aksa или Genpower\r\nс дизельной кабиной.\r\n- Возможность переговорного устройства между виллами и\r\nохраной\r\n- Частная открытая парковка для каждой виллы\r\n- Система очистки воды\r\n- Входная дверь на участок - Sur или Binadoor. Замок марки Yale, Kale\r\nили замок марки Ito.\r\n- Все кухни, ванные комнаты, гардеробные, тумбы для обуви\r\nи гардеробные покрыты лаком на МДФ-ламе.\r\n- Специально разработанный ландшафт\r\n- Система бурения и полива','Special design, luxury, state-of-the-art technology, 1st class\r\nprivate villas with private pools in a secure complex\r\n\r\nSpecial Features\r\n\r\n• 7/24 Security and security camera. Site entrance\r\npassword and photocell Dorma or Assa Abloy door.\r\n• The garden walls are architecturally designed\r\nbalustrade on curtain concrete.\r\n• Lightning rod\r\n• Full capacity Arken, Aksa or Genpower generator\r\nwith diesel cabin.\r\n• Opportunity to talk with intercom between villas and\r\nsecurity\r\n• Private open parking lot for each villa\r\n• Water purification system\r\n• The site entrance door is Sur or Binadoor. Yale, Kale\r\nor Ito brand lock.\r\n• All kitchen, bathroom, dressing room, shoe cabinet\r\nand cloakrooms are lacquered on MDF lam\r\n• Specially designed landscape\r\n• Drilling and irrigation system','Özel tasarım, lüks, son teknoloji, 1. sınıf\r\ngüvenli bir site içinde özel havuzlu özel villalar\r\n\r\nÖzel Özellikler\r\n\r\n- 7/24 Güvenlik ve güvenlik kamerası. Site girişi\r\nŞifreli ve fotoselli Dorma veya Assa Abloy kapı.\r\n- Bahçe duvarları mimari olarak tasarlanmıştır\r\nperde beton üzerine korkuluk.\r\n- Paratoner\r\n- Tam kapasiteli Arken, Aksa veya Genpower jeneratör\r\ndizel kabinli.\r\n- Villalar arası interkom ile konuşma imkanı ve\r\ngüvenlik\r\n- Her villa için özel açık otopark\r\n- Su arıtma sistemi\r\n- Site giriş kapısı Sur veya Binadoor\'dur. Yale, Kale\r\nveya Ito marka kilit.\r\n- Tüm mutfak, banyo, giyinme odası, ayakkabı dolabı\r\nve vestiyerler MDF lam üzerine lake kaplamadır\r\n- Özel olarak tasarlanmış peyzaj\r\n- Sondaj ve sulama sistemi',37.0145279985486,30.617296728444792,NULL,NULL,'37.030160, 30.613162','37.030160, 30.613162','37.030160, 30.613162','2023-08-04 07:27:41','2023-09-22 23:29:13','Да','Да','Да','Да','Застройщик','Да','Да','[{\"id\": \"0\", \"size\": \"40\", \"floor\": \"1\", \"price\": \"959185\", \"building\": \"Блок Б\", \"price_code\": \"EUR\", \"apartment_layout\": \"4+1\", \"apartment_layout_image\": \"3e8911f2f8757880b445282913e9053b.jpg\"}]',NULL,NULL,'Besonderes Design, Luxus, modernste Technologie, erstklassige\r\nprivate Villen mit Privatpools in einer bewachten Wohnanlage.\r\n\r\nAusstattung\r\n\r\n- 7/24 Sicherheit und Überwachungskameras. Eingang zum Gebiet\r\nPasswort und Lichtschranke Tür Dorma oder Assa Abloy.\r\n- Gartenmauern sind architektonisch gestaltet\r\nBalustrade aus klappbarem Beton.\r\n- Blitzableiter\r\n- Vollstromgenerator Arken, Aksa oder Genpower\r\nmit Dieselkabine.\r\n- Möglichkeit einer Gegensprechanlage zwischen den Villen und\r\nSicherheit\r\n- Privater Außenparkplatz für jede Villa\r\n- Wasseraufbereitungsanlage\r\n- Eingangstür zum Grundstück - Sur oder Binadoor. Yale, Kale\r\noder Ito Markenschloss.\r\n- Alle Küchen, Bäder, Garderoben, Schuhschränke.\r\nund Garderoben sind lackiert auf MDF lam.\r\n- Speziell entworfene Landschaftsgestaltung\r\n- Bohr- und Bewässerungsanlage','37.030160, 30.613162','uploads/1691134061.jpg'),(17,'17','30','sale','VERA CITY','Altıntaş/Aksu/Antalya',1982,'1982',158493,'EUR','Особенности проекта:\r\n - 5 встроенных комплектов (варочная панель, духовой шкаф, вытяжка, микроволновая печь, духовка, микроволновая печь, посудомоечная машина)\r\n- Система \"теплый пол\" и система кондиционирования VRF\r\n- Тепло- и звукоизоляция\r\n\r\n- Закрытая парковка\r\n- Открытый бассейн, детский бассейн и аквапарк\r\n- Спа, хаммам, сауна, фитнес\r\n- Открытая игровая площадка\r\n- Генератор\r\n- Система безопасности и видеонаблюдения\r\n- Система видеодомофонов','Project Features\r\n - 5 Built-in Set (cooker, oven, hood, microwaveoven, dishwasher)\r\n- Underfloor Heating System and VRF Air Conditioning System\r\n- Heat and Sound Insulation\r\n\r\n- Indoor Parking\r\n- Outdoor Pool, Children Pool and Aquapark\r\n- Spa, Hammam, Sauna , Fitness\r\n- Outdoor Playground\r\n- Generator\r\n- Security and Camera System\r\n- Video Intercom System','Proje Özellikleri\r\n • 5’li Ankastre Set (ocak, fırın, davlumbaz, mikrodalga fırın,bulaşık makinası)\r\n• Yerden Isıtma Sistemi ve VRF Klima Sistemi\r\n• Isı ve Ses Yalıtımı\r\n\r\n• Kapalı Otopark\r\n• Açık Havuz, Çocuk Havuzu ve Aquapark\r\n• Spa, Hamam, Sauna , Fitness\r\n• Açık Çocuk Parkı\r\n• Jeneratör\r\n• Güvenlik ve Kamera Sistemi\r\n• Görüntülü Diyafon Sistemi',37.06068408244422,31.42312033641302,NULL,NULL,'Аэропорт 7 км\r\nПляж Лара: 5 км\r\nТорговый центр: 7 км','Airport 7 km\r\nLara beach: 5 km\r\nShoping Center: 7 km','Havalimanı: 7 km\r\nLara beach: 5 km\r\nShoping Center: 7 km','2023-08-04 09:26:32','2023-09-24 12:56:42','Да','Да','Да','Да','Застройщик','Да','Да','[{\"id\": \"0\", \"size\": \"59\", \"floor\": \"1, 3\", \"price\": \"158493\", \"building\": \"Блок А\", \"price_code\": \"EUR\", \"apartment_layout\": \"2+1\", \"apartment_layout_image\": \"5fc76e110266f9ed4482c7a28e04cbfc.jpg\"}]',NULL,NULL,'Project Features\r\n - 5 Built-in Set (cooker, oven, hood, microwaveoven, dishwasher)\r\n- Underfloor Heating System and VRF Air Conditioning System\r\n- Heat and Sound Insulation\r\n\r\n- Indoor Parking\r\n- Outdoor Pool, Children Pool and Aquapark\r\n- Spa, Hammam, Sauna , Fitness\r\n- Outdoor Playground\r\n- Generator\r\n- Security and Camera System\r\n- Video Intercom System','Airport 7 km\r\nLara beach: 5 km\r\nShoping Center: 7 km','uploads/preview_1_6510320a4dba3.jpeg'),(18,'17','30','sale','Cozy Life','Kızılarık/Muratpaşa/Antalya',1851,'1851',149655,'EUR','- Инфраструктура кондиционирования воздуха и природного газа\r\n\r\n- Тепло- и звукоизоляция\r\n- Стеллаж для одежды\r\n\r\n- Крытая парковка\r\n- Открытый бассейн 43,75 м2\r\n- Детский бассейн 8,20 м2\r\n- Генератор, система охраны и видеонаблюдения\r\n- Ландшафтная зона\r\n- Открытая игровая площадка\r\n- Садовые камелии и зона барбекю\r\n- Система видеодомофона','- Air conditioning and natural gas infrastructures\r\n\r\n- Heat and sound insulation\r\n- Garment Rack\r\n\r\n- Indoor Parking Lot\r\n- Outdoor pool 43.75 m2\r\n- Children\'s pool 8.20 m2\r\n- Generator, Security and Camera System\r\n- Landscape area\r\n- Outdoor playground\r\n- Garden camellias and barbecue area\r\n- Video Intercom System','Klima ve Doğalgaz Altyapıları\r\n\r\n• Isı ve Ses Yalıtımı\r\n• Vestiyer\r\n• Kapalı Otopark\r\n• Açık Havuz 43,75 m2\r\n• Çocuk Havuz 8,20 m2\r\n• Jeneratör, Güvenlik ve Kamera Sistemi\r\n• Peyzaj Alanı\r\n• Açık Çocuk Parkı\r\n• Bahçe Kamelyaları ve Barbekü Alanı\r\n• Diyafon Sistemi',37.05604348672405,31.470336235631503,NULL,NULL,'Аэропорт 10 км\r\nАнталия 2,3 км\r\nПляж Коньяалты 5 км\r\nКалеичи (Старый город) 3 км','Airport 10 km\r\nMark Antalya 2.3 km\r\nKonyaalti Beach 5 km\r\nKaleici (Old Town) 3 km','Airport 10 km\r\nMark Antalya 2.3 km\r\nKonyaalti Beach 5 km\r\nKaleici (Old Town) 3 km','2023-08-04 15:58:23','2023-09-24 12:51:53','Да','Да','Да','Да','Застройщик','Да','Да','[{\"id\": \"0\", \"size\": \"74\", \"floor\": \"Цокольный\", \"price\": \"217680\", \"building\": \"Блок А\", \"price_code\": \"EUR\", \"apartment_layout\": \"2+1\", \"apartment_layout_image\": \"0f45e8a319cc655a839f82d5a11baa6d.jpg\"}, {\"id\": \"1\", \"size\": \"70\", \"floor\": \"Цокольный\", \"price\": \"195005\", \"building\": \"Блок А\", \"price_code\": \"EUR\", \"apartment_layout\": \"2+1\", \"apartment_layout_image\": \"0f45e8a319cc655a839f82d5a11baa6d.jpg\"}, {\"id\": \"2\", \"size\": \"68\", \"floor\": \"Цокольный\", \"price\": \"195005\", \"building\": \"Блок А\", \"price_code\": \"EUR\", \"apartment_layout\": \"2+1\", \"apartment_layout_image\": \"df55c83ea7be7579aaed1c2eb80d9d88.jpg\"}, {\"id\": \"3\", \"size\": \"63\", \"floor\": \"Цокольный\", \"price\": \"190470\", \"building\": \"Блок А\", \"price_code\": \"EUR\", \"apartment_layout\": \"2+1\", \"apartment_layout_image\": \"df55c83ea7be7579aaed1c2eb80d9d88.jpg\"}, {\"id\": \"4\", \"size\": \"99\", \"floor\": \"Цокольный\", \"price\": \"308380\", \"building\": \"Блок B\", \"price_code\": \"EUR\", \"apartment_layout\": \"3+1\", \"apartment_layout_image\": \"860b8e37777d61bafb0bac5e8da7db2d.jpg\"}, {\"id\": \"5\", \"size\": \"40\", \"floor\": \"Цокольный\", \"price\": \"158725\", \"building\": \"Блок B\", \"price_code\": \"EUR\", \"apartment_layout\": \"1+1\", \"apartment_layout_image\": \"2c96a4b02843669d175eae42172fb2a4.jpg\"}, {\"id\": \"6\", \"size\": \"42\", \"floor\": \"Цокольный\", \"price\": \"152376\", \"building\": \"Блок B\", \"price_code\": \"EUR\", \"apartment_layout\": \"1+1\", \"apartment_layout_image\": \"2c96a4b02843669d175eae42172fb2a4.jpg\"}, {\"id\": \"7\", \"size\": \"67\", \"floor\": \"Цокольный\", \"price\": \"190470\", \"building\": \"Блок B\", \"price_code\": \"EUR\", \"apartment_layout\": \"2+1\", \"apartment_layout_image\": \"371aa9aed4ba44a7a34359a9be8ffc1b.jpg\"}, {\"id\": \"8\", \"size\": \"65\", \"floor\": \"Цокольный\", \"price\": \"199540\", \"building\": \"Блок B\", \"price_code\": \"EUR\", \"apartment_layout\": \"2+1\", \"apartment_layout_image\": \"371aa9aed4ba44a7a34359a9be8ffc1b.jpg\"}, {\"id\": \"9\", \"size\": \"108\", \"floor\": \"1\", \"price\": \"323799\", \"building\": \"Блок B\", \"price_code\": \"EUR\", \"apartment_layout\": \"3+1\", \"apartment_layout_image\": \"b0703dcb4590242e8d77db0d2cd861ab.jpg\"}, {\"id\": \"10\", \"size\": \"111\", \"floor\": \"4\", \"price\": \"370056\", \"building\": \"Блок B\", \"price_code\": \"EUR\", \"apartment_layout\": \"3+1\", \"apartment_layout_image\": \"b0703dcb4590242e8d77db0d2cd861ab.jpg\"}]',NULL,NULL,'- Air conditioning and natural gas infrastructures\r\n\r\n- Heat and sound insulation\r\n- Garment Rack\r\n\r\n- Indoor Parking Lot\r\n- Outdoor pool 43.75 m2\r\n- Children\'s pool 8.20 m2\r\n- Generator, Security and Camera System\r\n- Landscape area\r\n- Outdoor playground\r\n- Garden camellias and barbecue area\r\n- Video Intercom System','Airport 10 km\r\nMark Antalya 2.3 km\r\nKonyaalti Beach 5 km\r\nKaleici (Old Town) 3 km','uploads/preview_1_651030e95af10.jpg'),(19,'17','33','sale','GLOBAL CITY','Antalya/ Serik',16065,'16065',90700,'USD','- Система напольного отопления и кондиционирования\r\n\r\n- Тепло- и звукоизоляция\r\n- Стеллаж для одежды\r\n- Система \"умный дом\r\n\r\n- Система сейсмоизоляции (система защиты от землетрясений)\r\n- Бесплатный трансфер (аэропорт, пляж, торговый центр)\r\n- Крытая парковка (электрические зарядные устройства)\r\n- Открытый плавательный бассейн, бар у бассейна и аквапарк\r\n- Многоцелевые спортивные сооружения (теннис, волейбол, баскетбол),\r\nПешеходные и велосипедные дорожки\r\n- Фитнес, спа, турецкая баня, сауна, массажные и паровые кабинеты\r\n- Открытые и крытые детские игровые площадки\r\n- Ясли и мини-клуб для детей от 0 до 6 лет\r\n- Крытая игровая комната с бильярдом, настольным футболом, дартсом, шахматами\r\nи настольный теннис\r\n- Библиотека и конференц-зал\r\n- Сады и зоны отдыха на крыше, площадка для наблюдения за небом с помощью телескопа\r\nи поле для мини-гольфа\r\n- Садовые камелии и площадка для барбекю\r\n- Амфитеатр и открытая киноплощадка\r\n- Генератор\r\n- Система безопасности и камер\r\n- Система видеодомофона','• Underfloor heating system and air conditioning\r\n\r\n• Heat and Sound insulation\r\n• Garment Rack\r\n• Smart Home system\r\n\r\n• Seismic Isolator System (Earthquake protection system)\r\n• Free Transfer Service (Airport, Beach, Mall)\r\n• Indoor Parking Lot (Electric charging units)\r\n• Outdoor-Indoor Swimming Pool, Pool Bar and Aquapark\r\n• Multi-Purpose Sports Facilities (tennis, volleyball, basketball),\r\nWalking and Cycling Paths\r\n• Fitness, Spa, Turkish Bath, Sauna, Massage and Steam Rooms\r\n• Outdoor and Indoor Children\'s Playgrounds\r\n• 0-6 age Nursery and Mini Club\r\n• Indoor game room with billiards, table football, darts, chess\r\nand table tennis\r\n• Library and Conference Hall\r\n• Roof gardens and seating areas, sky telescope observation area\r\nand mini golf course\r\n• Garden camellias and barbecue area\r\n• Amphitheater and Open Cinema Area\r\n• Generator\r\n• Security and Camera System\r\n• Video Intercom System','Havalimanı, 22 km\r\nBelek Sahil, 7.50 km\r\nThe Land of Legends, 7 km',36.91766460149839,31.06900625688927,NULL,NULL,'Аэропорт, 22 км\r\nПляж Белек, 7,50 км\r\nСтрана легенд, 7 км','Airport, 22 km\r\nBelek beach, 7.50 km\r\nThe Land of Legends, 7 km','• Yerden ısıtma sistemi ve klima\r\n• Isı ve Ses yalıtımı\r\n• Vestiyer\r\n• Akıllı Ev sistemi\r\n\r\n• Sismik İzolatör Sistemi (Deprem koruma sistemi)\r\n• Ücretsiz Transfer Hizmeti (Havalimanı, Plaj, Avm)\r\n• Kapalı Otopark (Elektrikli şarj üniteleri)\r\n• Açık, Kapalı Havuz, Pool Bar ve Aquapark\r\n• Çok Amaçlı Spor Tesisleri (tenis, voleybol, basketbol), yürüyüş ve\r\nbisiklet yolu\r\n• Fitness, Spa, Hamam, Sauna, Masaj ve Buhar Odaları\r\n• Açık ve Kapalı Çocuk Oyun Alanları\r\n• 0-6 yaş kreş ve mini klüp\r\n• Bilardo, langırt, dart, satranç ve masa tenisinin yer aldığı kapalı\r\noyun odası\r\n• Kütüphane ve konferans salonu\r\n• Çatı bahçeleri ile oturma alanları, gökyüzü teleskop gözlem alanı\r\nve mini golf sahası\r\n• İglo kamelya kış bahçesi, bahçe kamelyaları ve barbekü alanı\r\n• Amfi tiyatro ve açık sinema alanı\r\n• Jeneratör, Güvenlik ve Kamera sistemi','2023-08-06 09:01:40','2023-09-24 15:45:03','Да','Да','Да','Да','Застройщик','Да','Да','[{\"id\": \"0\", \"size\": \"55\", \"floor\": \"Цокольный, 1, 2, 3,4, 5, 6\", \"price\": \"90700\", \"building\": \"Блок А\", \"price_code\": \"USD\", \"apartment_layout\": \"1+1\", \"apartment_layout_image\": \"ef717486e585c754a5d3ca6bb11f860b.jpg\"}, {\"id\": \"1\", \"size\": \"55\", \"floor\": \"Цокольный\", \"price\": \"95235\", \"building\": \"Блок А\", \"price_code\": \"USD\", \"apartment_layout\": \"1+1 bahce\", \"apartment_layout_image\": \"c06757bbfa4fa94bb9ad47130c080e7b.jpg\"}, {\"id\": \"2\", \"size\": \"80\", \"floor\": \"Цокольный, 1, 2, 3,4, 5, 6\", \"price\": \"108840\", \"building\": \"Блок А\", \"price_code\": \"USD\", \"apartment_layout\": \"2+1\", \"apartment_layout_image\": \"ccec27861e00bd4815af26013880bb78.jpg\"}, {\"id\": \"3\", \"size\": \"80\", \"floor\": \"2, 3,4, 5, 6\", \"price\": \"126980\", \"building\": \"Блок А\", \"price_code\": \"USD\", \"apartment_layout\": \"2+1 teras\", \"apartment_layout_image\": \"9bb9fbb8ca18cb07057c9eaa734808b6.jpg\"}]',NULL,NULL,'- Sistema de aquecimento por piso radiante e ar condicionado\r\n\r\n- Isolamento térmico e acústico\r\n- Porta-roupa\r\n- Sistema de casa inteligente\r\n\r\n- Sistema de isolamento sísmico (sistema de proteção contra terremotos)\r\n- Serviço de traslado gratuito (aeroporto, praia, shopping center)\r\n- Estacionamento coberto (carregadores elétricos)\r\n- Piscina externa, bar da piscina e parque aquático\r\n- Instalações esportivas multiuso (tênis, vôlei, basquete),\r\nTrilhas para caminhada e ciclismo\r\n- Academia, spa, banho turco, sauna, massagem e salas de vapor\r\n- Playgrounds infantis internos e externos\r\n- Creche e miniclube para crianças de 0 a 6 anos de idade\r\n- Salão de jogos interno com bilhar, futebol de mesa, dardos, xadrez\r\ntênis de mesa\r\n- Biblioteca e sala de conferências\r\n- Jardins e áreas de lounge na cobertura, área de observação do céu com telescópio\r\nCampo de golfe em miniatura\r\n- Jardins de camélias e área de churrasco\r\n- Anfiteatro e área de cinema ao ar livre\r\n- Gerador de energia\r\n- Sistema de segurança e câmeras\r\n- Sistema de vídeo porteiro\r\n\r\nTraduzido com a versão gratuita do tradutor - www.DeepL.com/Translator','Aeroporto, 22 km\r\nPraia de Belek, 7,50 km\r\nTerra das Lendas, 7 km','uploads/preview_1695485711.jpg'),(20,'17','30','sale','Helios Exlusive','Aksu-Altıntaş / Antalya',3795,'3795',185028,'EUR','Автоматически\r\n\r\n- 5 встроенных (плита, духовка, вытяжка, посудомоечная машина, микроволновая печь) \r\n- Вешалка для одежды\r\n- Пол с подогревом с тепловым насосом и системой кондиционирования воздуха Vrf\r\nСистема кондиционирования\r\n- Открытый плавательный бассейн (136 м2), закрытый плавательный бассейн\r\n(40 м2), детский бассейн (33 м2)\r\n- Детская игровая площадка\r\n- Турецкая баня, сауна, фитнес\r\n- Крытая автостоянка (на крытой автостоянке будет установлена электрозарядная установка\r\nкрытой автостоянке).\r\n- Камелия\r\n- Полы с подогревом\r\n- Все социальные зоны, представленные в архитектурном\r\nпроекте - Соответствуют нормам сейсмостойкости\r\n- Соответствует требованиям строительной инспекции\r\n- Соответствует нормам пожарной безопасности\r\n- Генератор\r\n- Видеодомофонная система','• 5 built-in (cooker, oven, hood, dishwasher, microwave) \r\n• Garment Rack\r\n• Underfloor Heating with Heat Pump and Vrf Air\r\nConditioning System\r\n• Outdoor swimming pool (136 m2), indoor swimming pool\r\n(40 m2), children\'s pool (33 m2)\r\n• Children\'s playground\r\n• Turkish bath, sauna, fitness\r\n• Indoor Parking Lot (There will be an electric charging unit in\r\nthe indoor carpark.)\r\n• Camellia\r\n• Underfloor heating\r\n• All social areas displayed in the architectural\r\nproject • Compliant with earthquake regulations\r\n• Compliant with the building inspection\r\nregulation • Compliant with fire regulations\r\n• Generator\r\n• Video Intercom System','• 5’li Ankastre (ocak, fırın, davlumbaz, bulaşık makinesi,\r\n\r\nmikrodalga)\r\n• Vestiyer\r\n• Isı pompalı Yerden Isıtma ve Vrf Klima Sistemi\r\n• Açık Havuz (136 m2) , Kapalı Havuz (40 m2) , Çocuk Havuzu\r\n(33 m2)\r\n• Çocuk Oyun Alanı\r\n• Hamam, Sauna, Fitness\r\n• Kapalı Otopark (Kapalı otoparkta elektrikli şarj ünitesi\r\nolacaktır.)\r\n• Kamelya\r\n• Jeneratör\r\n• Görüntülü Diyafon Sistemi',37.43760989772709,31.151629175749463,NULL,NULL,'- 1 км до аэропорта \r\n- торгового центра \r\n- 6 км до пляжа Лара','• 1 km to the airport\r\n • shopping center \r\n• 6 Km to Lara Beach','∙ Havalimanına 1 km\r\n∙ Shopping center\r\n∙ Lara plajına 6 Km','2023-08-06 13:03:48','2023-09-24 12:50:25','Да','Да','Да','Да','Застройщик','Да','Да','[{\"id\": \"0\", \"size\": \"46\", \"floor\": \"Цокольный, 1, 3\", \"price\": \"185028\", \"building\": \"Блок А\", \"price_code\": \"EUR\", \"apartment_layout\": \"1+1\", \"apartment_layout_image\": \"0ab7f795e6d35b694059fa43210baf3d.jpg\"}, {\"id\": \"1\", \"size\": \"70\", \"floor\": \"Цокольный, 1, 3, 4\", \"price\": \"258495\", \"building\": \"Блок А\", \"price_code\": \"EUR\", \"apartment_layout\": \"2+1\", \"apartment_layout_image\": \"18c4bef0db4f5e84d524b2adfb57d41c.jpg\"}, {\"id\": \"2\", \"size\": \"112\", \"floor\": \"3\", \"price\": \"344660\", \"building\": \"Блок А\", \"price_code\": \"EUR\", \"apartment_layout\": \"2+1 Teras\", \"apartment_layout_image\": \"6764ac0aa021d6268c88785b2c113bfe.jpg\"}, {\"id\": \"3\", \"size\": \"125\", \"floor\": \"5\", \"price\": \"376405\", \"building\": \"Блок А\", \"price_code\": \"EUR\", \"apartment_layout\": \"3+1 Dubleks\", \"apartment_layout_image\": \"c6f262e1a1b68d3b5a644cd20bb97020.jpg\"}]',NULL,NULL,'• 1 km to the airport\r\n • shopping center \r\n• 6 Km to Lara Beach','• 1 km to the airport\r\n • shopping center \r\n• 6 Km to Lara Beach','uploads/preview_1_65103091b42ce.jpg'),(21,'17','30','sale','LUNA GARDEN','Altıntaş/Aksu/Antalya',9329,'9329',244890,'EUR','- 5 встроенных комплектов (плита, духовка, вытяжка, микроволновая печь,\r\nпосудомоечная машина) - Система кондиционирования VRF\r\n- Стеллаж для одежды\r\n- Бассейн\r\n- Камин\r\n- Турецкая баня, сауна, фитнес\r\n- Крытая парковка (электрозарядное устройство на крытой парковке) - 2 лифта\r\n2 лифта\r\n- Система безопасности и видеонаблюдения\r\n- Видеодомофонная система','• 5 built-in set (stove, oven, hood, microwave oven,\r\ndishwasher) • VRF Air Conditioning System\r\n• Garment Rack\r\n• Swimming Pool\r\n• Fire Pit\r\n• Turkish Bath, Sauna, Fitness\r\n• Indoor Parking (electric charging unit in the indoor parking\r\nlot) • 2 elevators\r\n• Security and Camera System\r\n• Video Intercom System','• 5’li Ankastre Set (ocak, fırın, davlumbaz, mikrodalga fırın,\r\n\r\nbulaşık makinası)\r\n• VRF klima sistemi\r\n• Vestiyer\r\n• Havuz\r\n• Ateş Çukuru\r\n• Hamam, Sauna, Fitness\r\n• Kapalı Otopark (kapalı otoparkta elektrikli şarj ünitesi)\r\n• 2 adet asansör\r\n• Güvenlik ve Kamera Sistemi\r\n• Görüntülü Diafon Sistemi',36.90437447098596,30.83017896775486,NULL,NULL,'500 м до аэропорта\r\n3,5 км до торгового центра (Mall Of Antalya, Deepo, Agora и\r\nIkea) 4 км до пляжа Лара','500 m to the airport\r\n3,5 km to shopping center (Mall Of Antalya, Deepo, Agora and\r\nIkea) 4 km to Lara Beach','Havalimanı 500 m\r\n\r\nAlışveriş Merkezi (Mall Off Antalya, Deepo, Agora ve Ikea) 3.5km Lara\r\nPlajı 4 km','2023-08-06 15:18:04','2023-09-24 12:54:19','Да','Да','Да','Да','Застройщик','Да','Да','[{\"id\": \"0\", \"size\": \"51\", \"floor\": \"Цокольный\", \"price\": \"244890\", \"building\": \"Блок А 1+1 Bahce\", \"price_code\": \"EUR\", \"apartment_layout\": \"1+1\", \"apartment_layout_image\": \"e35130d4b620281d44fb6982b8ecbf19.jpg\"}, {\"id\": \"1\", \"size\": \"78\", \"floor\": \"Цокольный\", \"price\": \"371870\", \"building\": \"Блок А 2+1 Bahce\", \"price_code\": \"EUR\", \"apartment_layout\": \"2+1\", \"apartment_layout_image\": \"3d89b4468cb3ec8345472d84203a71cb.jpg\"}, {\"id\": \"2\", \"size\": \"78\", \"floor\": \"1, 2, 4, 5, 8\", \"price\": \"294775\", \"building\": \"Блок А 2+1\", \"price_code\": \"EUR\", \"apartment_layout\": \"2+1\", \"apartment_layout_image\": \"44f63c2e402b2a740ae7636fee0a0839.jpg\"}, {\"id\": \"3\", \"size\": \"102\", \"floor\": \"6, 10, 11\", \"price\": \"417220\", \"building\": \"Блок А 3+1\", \"price_code\": \"EUR\", \"apartment_layout\": \"3+1\", \"apartment_layout_image\": \"41e373e778cf7f55ca521744431c9a21.jpg\"}]',NULL,NULL,'- 5 Einbaugeräte (Herd, Backofen, Dunstabzugshaube, Mikrowelle,\r\nGeschirrspüler) - VRF-Klimaanlage\r\n- Wäscheständer\r\n- Schwimmbad\r\n- Feuerstelle\r\n- Türkisches Bad, Sauna, Fitnessraum\r\n- Überdachter Parkplatz (elektrisches Ladegerät im überdachten Parkplatz) - 2 Aufzüge\r\n2 Fahrstühle\r\n- Sicherheits- und Videoüberwachungssystem\r\n- Video-Gegensprechanlage','500 m zum Flughafen\r\n3,5 km zum Einkaufszentrum (Mall Of Antalya, Deepo, Agora und\r\nIkea) 4 km bis zum Lara Strand','uploads/preview_1695560046.jpg'),(22,'17','30','sale','Sirius Town','Antalya/Aksu',0,'0',281170,'TRY','281 квартира;\r\nVRF система кондиционирования;\r\nЦентральная система горячего\r\nводоснабжения;\r\nОткрытый бассейн 2000 м2;\r\n1000м2 закрытый бассейн;\r\nДетская игровая площадка и аквапарк;\r\nТурецкая баня, сауна, СПА центр;\r\nФитнес, баскетбольная площадка и\r\nтеннисный корт;\r\nЗакрытая и открытая автопарковка;\r\nРесторан, магазин и','281 flats\r\nSamsung Vrf Air Conditioner and Central Hot Water\r\n\r\n2000m2 Outdoor Pool and 1000m2 Indoor Pool\r\nAqua Park & Children\'s Playground\r\nSpa, Turkish Bath, Sauna, Hairdresser\r\nFitness, Basketball Court and Tennis Court\r\nOutdoor and Indoor Parking\r\nRestaurant, Market and Cafe\r\nPrivate Beach','281 Daire\r\nSamsung Vrf Klima ve Merkezi Sıcak Su Sistemi\r\n2000m2 Açık Havuz ve 1000m2 Kapalı Havuz\r\nAqua Park & Çocuk Oyun Alanı\r\nSpa, Hamam, Sauna, Kuaför\r\nFitness, Basket Sahası ve Tenis Kortu\r\nAçık ve Kapalı Otopark\r\nRestaurant, Market ve Kafe\r\nÖzel Plaj',36.97545205106494,30.855713577046544,NULL,NULL,'Аэропорт 12 км, Торговый центр 11км, Пляж 0,5 км, Анталья Калеичи 18 км, Аспендос 35 км','Airport 12km, Shopping Center 11km, Beach 0.5km, Antalya Kaleici 18km, Aspendos 35km','Havaalanı 12km, Alışveriş Merkezi 11km, Plaj 0.5km, Antalya Kaleiçi 18km, Aspendos 35km','2023-08-06 18:02:08','2023-09-24 12:09:01','Да','Да','Да','Да','Застройщик','Да','Да','[{\"id\": \"0\", \"size\": \"54\", \"floor\": \"Цокольный, 1, 2, 4, 6, 7\", \"price\": \"281170\", \"building\": \"1+1\", \"price_code\": \"EUR\", \"apartment_layout\": \"1+1\", \"apartment_layout_image\": \"d4999330a2efc265f15f4af89bafcfe4.jpg\"}, {\"id\": \"1\", \"size\": \"80\", \"floor\": \"Цокольный, 1, 4, 6, 7\", \"price\": \"421755\", \"building\": \"2+1\", \"price_code\": \"EUR\", \"apartment_layout\": \"2+1\", \"apartment_layout_image\": \"d37ea05f7944c927739166f712390b0b.jpg\"}]',NULL,NULL,'281 Wohnungen;\r\nVRF-Klimaanlage;\r\nZentrale Warm\r\nWarmwasserversorgung;\r\n2000m2 Außenschwimmbad;\r\n1000m2 Hallenschwimmbad;\r\nKinderspielplatz und Wasserpark;\r\nTürkisches Bad, Sauna, Wellness-Center;\r\nFitness, Basketballplatz und\r\nTennisplatz;\r\nGeschlossener und offener Parkplatz;\r\nRestaurant, Geschäft','Flughafen 12km, Einkaufszentrum 11km, Strand 0,5km, Antalya Kaleici 18km, Aspendos 35km','uploads/preview_1695557292.png'),(23,'17','33','sale','Sun Rise','Antalya/Alanya/Avsallar',4733,'4733',148000,'EUR','Авсаллар – идеальный район для тех, кто предпочитает тишину, спокойствие и гармонию с природой, ведь с одной стороны расположился лучший пляж региона Инжекум - пляж с мягчайшим песком (он так и переводится «мелкий песок») и пологим входом идеальным для детей. С другой стороны, сосновый лес национального заповедника, за счет чего в районе создается особенный микроклимат.','Avsallar is an ideal neighborhood for those who prefer peace, tranquility and harmony with nature, because on one side is the best beach of the region Inzekum - the beach with the softest sand (it is translated as \"fine sand\") and a gentle entrance ideal for children. On the other side is the pine forest of the national reserve, which creates a special microclimate in the area.','Avsallar, huzur, sükûnet ve doğayla uyumu tercih edenler için ideal bir mahalledir, çünkü bir tarafta bölgenin en iyi plajı olan İnzekum - en yumuşak kuma sahip plaj (\"ince kum\" olarak tercüme edilir) ve çocuklar için ideal yumuşak bir giriş. Diğer tarafta ise bölgede özel bir mikro iklim yaratan ulusal rezervin çam ormanı yer almaktadır.',36.6356699182203,31.770613016172398,NULL,NULL,'От международного аэропорта Анталия - 92 км,\r\nот аэропорта Газипаша – 63 км\r\nРядом продуктовые магазины, бары, рестораны,\r\nфермерский рынок\r\nРядом продуктовые магазины, бары, рестораны,\r\nфермерский рынок\r\nДо моря -1,5 км','From Antalya International Airport - 92 km,\r\nFrom Gazipasa airport - 63 km\r\nNearby grocery stores, bars, restaurants,\r\nfarmer\'s market\r\nNear grocery stores, bars, restaurants,\r\nfarmer\'s market\r\nTo the sea -1,5 km','Antalya Uluslararası Havalimanı\'ndan - 92 km,\r\nGazipaşa Havalimanı - 63 km\r\nYakındaki marketler, barlar, restoranlar,\r\nçi̇ftçi̇ pazari\r\nMarketlere, barlara, restoranlara yakın,\r\nçi̇ftçi̇ pazari\r\nDenize -1,5 km','2023-09-14 19:24:33','2023-09-23 16:33:54','Да','Да','Да','Да','Застройщик','Да','Да','[{\"id\": \"0\", \"size\": \"52\", \"floor\": \"5, 6, 7\", \"price\": \"148000\", \"building\": \"Блок Б\", \"price_code\": \"EUR\", \"apartment_layout\": \"1+1\", \"apartment_layout_image\": \"e45bc13f3119e4eae56c94bf591e04a3.png\"}, {\"id\": \"1\", \"size\": \"52\", \"floor\": \"5, 6, 7\", \"price\": \"148000\", \"building\": \"Блок А\", \"price_code\": \"EUR\", \"apartment_layout\": \"1+1\", \"apartment_layout_image\": \"6f92a68a23e21e58b8a8a43ebc8bcf67.png\"}]',NULL,NULL,'Avsallar ist ein ideales Viertel für diejenigen, die Ruhe, Frieden und Harmonie mit der Natur bevorzugen, denn auf der einen Seite befindet sich der beste Strand der Region Inzekum - ein Strand mit dem weichsten Sand (er wird mit \"feinem Sand\" übersetzt) und einem sanften Einstieg, der ideal für Kinder ist. Auf der anderen Seite ist der Kiefernwald des Naturschutzgebietes, die ein besonderes Mikroklima in der Gegend schafft.\r\n\r\nÜbersetzt mit www.DeepL.com/Translator (kostenlose Version)','Vom internationalen Flughafen Antalya - 92 km,\r\nVom Flughafen Gazipasa - 63 km\r\nLebensmittelläden, Bars, Restaurants in der Nähe,\r\nBauernmarkt\r\nIn der Nähe von Lebensmittelgeschäften, Bars, Restaurants,\r\nBauernmarkt\r\nZum Meer -1,5 km','uploads/preview_1695486583.jpg'),(24,'17','33','sale','Miray Towers','Antalya/Alanya/Avsallar',5400,'5400',137998,'EUR','Внутренняя инфраструктура комплекса приятно удивит ассортиментом возможностей, а именно:\r\n- открытый бассейн 257 м2\r\n- детский бассейн\r\n- крытый бассейн с подогревом 30 м2\r\n- бесплатный шаттл до моря\r\n- зона SPA\r\n- ледяной душ\r\n- массажные комнаты\r\n- комнаты отдыха\r\n- фитнес зал\r\n- финская сауна\r\n- хамам\r\n- беседки для отдыха\r\n- бар у бассейна\r\n- зона барбекю\r\n- детские игровые комнаты (внутри комплекса и на свежем воздухе)\r\n- кинотеатр\r\n- мини поле для гольфа\r\n- озелененная территория\r\n- открытая автопарковка\r\n- парковка для велосипедов\r\n- интернет по всей территории\r\n- генератор\r\n- спутниковое телевидение\r\n- огороженная и охраняемая территория\r\n- круглосуточное видеонаблюдение\r\n- подземный паркинг 7\r\n- управляющая компания (находится на территории комплекса)','The internal infrastructure of the complex will pleasantly surprise with an assortment of possibilities, namely:\r\n- outdoor swimming pool 257 m2\r\n- children\'s pool\r\n- indoor heated pool 30 m2\r\n- free shuttle to the sea\r\n- SPA area\r\n- ice shower\r\n- massage rooms\r\n- relaxation rooms\r\n- fitness room\r\n- Finnish sauna\r\n- hamam\r\n- gazebos\r\n- pool bar\r\n- barbecue area\r\n- children\'s playrooms (inside the complex and outdoors)\r\n- movie theater\r\n- mini golf course\r\n- green area\r\n- outdoor parking lot\r\n- bicycle parking\r\n- internet throughout\r\n- generator\r\n- satellite TV\r\n- fenced and guarded area\r\n- round-the-clock video surveillance\r\n- underground parking 7\r\n- management company (located on the territory of the complex)\r\n\r\nTranslated with www.DeepL.com/Translator (free version)','Kompleksin iç altyapısı, çeşitli olanaklarla sizi hoş bir şekilde şaşırtacaktır:\r\n- 257 m2\'lik açık yüzme havuzu\r\n- çocuk havuzu\r\n- ısıtmalı kapalı havuz 30 m2\r\n- denize ücretsiz servis\r\n- SPA alanı\r\n- buz duşu\r\n- masaj odaları\r\n- di̇nlenme odalari\r\n- fitness salonu\r\n- Fin saunası\r\n- Hamam\r\n- çardaklar\r\n- havuz bar\r\n- BARBEKÜ ALANI\r\n- çocuk oyun odaları (kapalı ve açık)\r\n- sinema\r\n- mini golf sahası\r\n- yeşil alan\r\n- açık otopark\r\n- bisiklet park yeri\r\n- baştan sona internet\r\n- jeneratör\r\n- uydu TV\r\n- çitle çevrili ve korumalı alan\r\n- 24 saat video gözetimi\r\n- yeraltı otoparkı 7\r\n- yönetim şirketi (kompleksin topraklarında bulunur)\r\n\r\nTranslated with www.DeepL.com/Translator (free version)',36.635531700694514,31.770376459387073,NULL,NULL,'От международного аэропорта Анталия - 92 км,\r\nот аэропорта Газипаша – 63 км\r\nРядом продуктовые магазины, бары, рестораны,\r\nфермерский рынок\r\nДо моря - 1,5 км\r\nДо парка Орман 1,5 км','From Antalya International Airport - 92 km,\r\nFrom Gazipasa airport - 63 km\r\nNearby grocery stores, bars, restaurants,\r\nfarmer\'s market\r\nTo the sea - 1,5 km\r\nTo Orman Park - 1,5 km','Antalya Uluslararası Havalimanı\'ndan - 92 km,\r\nGazipaşa Havalimanı - 63 km\r\nYakındaki marketler, barlar, restoranlar,\r\nçi̇ftçi̇ pazari\r\nDenize - 1,5 km\r\nOrman Park\'a - 1,5 km','2023-09-15 07:56:49','2023-09-23 16:26:04','Да','Да','Да','Да','Застройщик','Да','Да','[{\"id\": \"0\", \"size\": \"58,5\", \"floor\": \"4, 5, 6, 7\", \"price\": \"167000\", \"building\": \"Блок А\", \"price_code\": \"EUR\", \"apartment_layout\": \"1+1\", \"apartment_layout_image\": \"ad4d740ce7dcd3dc47b7de68054ef31e.png\"}, {\"id\": \"1\", \"size\": \"51,5\", \"floor\": \"4, 7\", \"price\": \"161000\", \"building\": \"Блок А\", \"price_code\": \"EUR\", \"apartment_layout\": \"1+1\", \"apartment_layout_image\": \"902d47f02565d2d5c8bcfc8c609f1c73.png\"}, {\"id\": \"2\", \"size\": \"50,5\", \"floor\": \"5, 7\", \"price\": \"173000\", \"building\": \"Блок А\", \"price_code\": \"EUR\", \"apartment_layout\": \"1+1\", \"apartment_layout_image\": \"9b7466a97b645c612b3703483d78e082.png\"}, {\"id\": \"3\", \"size\": \"50,5\", \"floor\": \"2\", \"price\": \"138000\", \"building\": \"Блок B\", \"price_code\": \"EUR\", \"apartment_layout\": \"1+1\", \"apartment_layout_image\": \"950d14165041657825c9d87d0184aadf.png\"}, {\"id\": \"4\", \"size\": \"51,5\", \"floor\": \"4, 6\", \"price\": \"161000\", \"building\": \"Блок B\", \"price_code\": \"EUR\", \"apartment_layout\": \"1+1\", \"apartment_layout_image\": \"2e292cefc670ab9b33755d74e4e2352a.png\"}]',NULL,NULL,'Die interne Infrastruktur des Komplexes wird Sie mit einer Reihe von Möglichkeiten angenehm überraschen, nämlich:\r\n- Außenschwimmbad von 257 m2\r\n- Kinderbecken\r\n- beheiztes Hallenbad 30 m2\r\n- kostenloser Shuttle zum Meer\r\n- SPA-Bereich\r\n- Eisdusche\r\n- Massageräume\r\n- Ruheräume\r\n- Fitnessraum\r\n- Finnische Sauna\r\n- Hammam\r\n- Pavillons\r\n- Pool-Bar\r\n- Grillplatz\r\n- Spielzimmer für Kinder (innen und außen)\r\n- Kino\r\n- Minigolfplatz\r\n- Grünanlage\r\n- Außenparkplatz\r\n- Fahrradabstellplatz\r\n- Internet überall\r\n- Generator\r\n- Satellitenfernsehen\r\n- eingezäuntes und bewachtes Gelände\r\n- Videoüberwachung rund um die Uhr\r\n- Tiefgarage 7\r\n- Verwaltungsgesellschaft (mit Sitz auf dem Gelände des Komplexes)\r\n\r\nÜbersetzt mit www.DeepL.com/Translator (kostenlose Version)','Vom internationalen Flughafen Antalya - 92 km,\r\nVom Flughafen Gazipasa - 63 km\r\nLebensmittelläden, Bars, Restaurants in der Nähe,\r\nBauernmarkt\r\nZum Meer - 1,5 km\r\nZum Orman-Park - 1,5 km','uploads/preview_1695486106.jpg'),(25,'17','33','sale','Miray Home','Antalya/Alanya/Avsallar',815,'815',100000,'EUR','Внутренняя инфраструктура комплекса приятно удивит ассортиментом возможностей, а именно:\r\n- открытый бассейн \r\n- бесплатный шаттл до моря\r\n- фитнес зал\r\n- финская сауна\r\n- зона барбекю\r\n- детская площадка\r\n- озелененная территория\r\n- автопарковка\r\n- видеонаблюдение\r\n- смотритель комплекса','The internal infrastructure of the complex will pleasantly surprise with an assortment of possibilities, namely:\r\n- outdoor swimming pool \r\n- free shuttle to the sea\r\n- fitness room\r\n- Finnish sauna\r\n- barbecue area\r\n- playground\r\n- green area\r\n- parking lot\r\n- video surveillance\r\n- complex caretaker','Kompleksin iç altyapısı, çeşitli olanaklarla sizi hoş bir şekilde şaşırtacaktır:\r\n- açık yüzme havuzu \r\n- denize ücretsiz servis\r\n- fitness salonu\r\n- Fin saunası\r\n- BARBEKÜ ALANI\r\n- oyun alanı\r\n- yeşil alan\r\n- otopark\r\n- video gözetim\r\n- kompleks bekçisi',36.635707054839315,31.770826429872262,NULL,NULL,'От международного аэропорта Анталия - 92 км,\r\nот аэропорта Газипаша – 63 км\r\nРядом продуктовые магазины, бары, рестораны,\r\nфермерский рынок\r\nДо моря - 1,5 км\r\nДо парка Орман 1,5 км','From Antalya International Airport - 92 km,\r\nFrom Gazipasa airport - 63 km\r\nNearby grocery stores, bars, restaurants,\r\nfarmer\'s market\r\nTo the sea - 1,5 km\r\nTo Orman Park - 1,5 km','Antalya Uluslararası Havalimanı\'ndan - 92 km,\r\nGazipaşa Havalimanı - 63 km\r\nYakındaki marketler, barlar, restoranlar,\r\nçi̇ftçi̇ pazari\r\nDenize - 1,5 km\r\nOrman Park\'a - 1,5 km','2023-09-15 09:59:06','2023-09-23 18:19:07','Да','Да','Да','Да','Застройщик','Да','Да','[{\"id\": \"0\", \"size\": \"45,3\", \"floor\": \"2, 3\", \"price\": \"100000\", \"building\": \"Блок  А\", \"price_code\": \"EUR\", \"apartment_layout\": \"1+1\", \"apartment_layout_image\": \"d3be28f156a6913025859423bfe01716.png\"}]',NULL,NULL,'Die interne Infrastruktur des Komplexes wird Sie mit einer Reihe von Möglichkeiten angenehm überraschen, nämlich:\r\n- Außenschwimmbad \r\n- kostenloser Shuttleservice zum Meer\r\n- Fitnessraum\r\n- Finnische Sauna\r\n- Grillplatz\r\n- Spielplatz\r\n- Grünfläche\r\n- Parkplatz\r\n- Videoüberwachung\r\n- Hausmeister der Anlage','Vom internationalen Flughafen Antalya - 92 km,\r\nVom Flughafen Gazipasa - 63 km\r\nLebensmittelläden, Bars, Restaurants in der Nähe,\r\nBauernmarkt\r\nZum Meer - 1,5 km\r\nZum Orman-Park - 1,5 km','uploads/preview_1695486937.jpg'),(26,'17','30','sale','Sirius Modern','Antalya/Aksu',11150,'11150',240000,'USD','Siemens Встраиваемый комплект из 5\r\nГардеробная и гардеробная в квартирах 2+1\r\nСистема отопления Комбинированный котел и система VRF\r\nТепло- и звукоизоляция\r\nКрытая автостоянка (зарядная станция для электромобилей) \r\nтранспортных средств)\r\nОткрытый плавательный бассейн (500 м2), детский плавательный бассейн \r\nБассейн\r\nФитнес-центр, сауна, парная\r\nБаскетбольная площадка\r\nДетская игровая площадка\r\nКамелиевые поля\r\n7/24-часовая охрана и система видеодомофонов','Siemens Built-in Set of 5\r\nDressing room and cloakroom in 2+1 flats\r\nHeating System Combi Boiler and VRF System\r\nHeat and Sound Insulation\r\nIndoor Parking Lot (Charging Station for Electric \r\nVehicles)\r\nOutdoor Swimming Pool (500 m2), Children\'s Swimming \r\nPool\r\nFitness Center, Sauna, Steam Room\r\nBasketball court\r\nChildren\'s Playground\r\nCamellia Fields\r\n7/24 Hour Security and Video Intercom System','5’li Siemens Ankastre Set\r\n2+1 dairelerde giyinme odası ve vestiyer \r\nIsıtma Sistemi Kombi ve VRF Sistemi \r\nIsı ve Ses Yalıtımı\r\nKapalı Otopark (Elektrikli Araçlar İçin Şarj İstasyonu)\r\nAçık Yüzme Havuz (500 m2), Çocuk Yüzme Havuzu\r\nFitness Center, Sauna, Buhar Odası\r\nBasketbol Sahası\r\nÇocuk Oyun Parkı\r\nKamelya Alanları\r\n7/24 Saat Güvenlik ve Görüntülü Diyafon Sistemi',36.97643004545789,30.70751225150705,NULL,NULL,'Аэропорт 500 м\r\nТорговый центр (Mall Off Antalya, Deepo, Agora и \r\nИкея)\r\n3,5 км Пляж Лара 4 км','Airport 500 m\r\nShopping Center (Mall Off Antalya, Deepo, Agora and \r\nIkea)\r\n3.5km Lara Beach 4km','Havalimanı 500 m\r\nAlışveriş Merkezi (Mall Off Antalya, Deepo, Agora ve Ikea)\r\n3.5km Lara Plajı 4 km','2023-09-15 10:39:36','2023-09-23 21:59:43','Да','Да','Да','Да','Застройщик','Да','Да','[{\"id\": \"0\", \"size\": \"52\", \"floor\": \"6\", \"price\": \"260000\", \"building\": \"Блок С\", \"price_code\": \"USD\", \"apartment_layout\": \"1+1\", \"apartment_layout_image\": \"73a25d2184456fb0349ac04566ebed92.jpg\"}, {\"id\": \"1\", \"size\": \"80\", \"floor\": \"3, 6\", \"price\": \"374998\", \"building\": \"Блок С\", \"price_code\": \"USD\", \"apartment_layout\": \"2+1\", \"apartment_layout_image\": \"a2e499afaa1fdefa2667c6b80d9dd3b7.jpg\"}, {\"id\": \"2\", \"size\": \"150\", \"floor\": \"Цокольный, 1\", \"price\": \"565000\", \"building\": \"Блок С\", \"price_code\": \"USD\", \"apartment_layout\": \"3+1\", \"apartment_layout_image\": \"18aaa5783d22b278266bf77024da048b.jpg\"}, {\"id\": \"3\", \"size\": \"150\", \"floor\": \"Цокольный, 1\", \"price\": \"565000\", \"building\": \"Блок D\", \"price_code\": \"USD\", \"apartment_layout\": \"3+1\", \"apartment_layout_image\": \"22664afd7125e681e6d460431cf100fe.jpg\"}, {\"id\": \"4\", \"size\": \"45\", \"floor\": \"2\", \"price\": \"240000\", \"building\": \"Блок D\", \"price_code\": \"USD\", \"apartment_layout\": \"1+1\", \"apartment_layout_image\": \"52b31bce223166280bd718f9a2a399ca.jpg\"}, {\"id\": \"5\", \"size\": \"52\", \"floor\": \"4, 5, 6, 7\", \"price\": \"240000\", \"building\": \"Блок D\", \"price_code\": \"USD\", \"apartment_layout\": \"1+1\", \"apartment_layout_image\": \"b7d08c283b06027d330305e29055ffaa.jpg\"}, {\"id\": \"6\", \"size\": \"80\", \"floor\": \"3, 4, 5, 6, 7\", \"price\": \"375000\", \"building\": \"Блок D\", \"price_code\": \"USD\", \"apartment_layout\": \"2+1\", \"apartment_layout_image\": \"06678ada9731f884c4d80c666d709e8a.jpg\"}]',NULL,NULL,'Garderobe und Ankleideraum in 2+1 Wohnungen\r\nHeizsystem Kombinierter Kessel und VRF-System\r\nWärme- und Schalldämmung\r\nÜberdachter Parkplatz (Ladestation für Elektrofahrzeuge) \r\nFahrzeuge)\r\nFreibad (500 m2), Kinderschwimmbecken \r\nSchwimmbecken\r\nFitnesszentrum, Sauna, Dampfbad\r\nBasketballplatz\r\nSpielplatz für Kinder\r\nKamelienfelder\r\n7/24 Stunden Sicherheitsdienst und Video-Gegensprechanlage','Flughafen 500 m\r\nEinkaufszentrum (Mall Off Antalya, Deepo, Agora und \r\nIkea)\r\n3,5 km Lara Strand 4 km','uploads/preview_1695484887.jpg'),(27,'17','30','sale','Safe City','Antalya/Döşemealtı',16000,'16000',1100000,'USD','32 роскошные виллы площадью 600 м2 были спроектированы таким образом, \r\nчтобы обеспечить их владельцам безусловную безопасность и комфортную \r\nжизнь','The 32 luxury villas of 600 m2 have been designed in such a way \r\nto provide their owners with unconditional security and comfortable living \r\nlife','600m2 olarak planlanan 32 lüks villa, sahiplerine koşulsuz güvenlik ve \r\nrahat bir yaşam sunmak üzere tasarlandı',37.01475250838853,30.54729523330857,NULL,NULL,'Благодаря своему уникальному \r\nрасположению, где можно удовлетворить все потребности, а также близости \r\nк морю, природе, культурным, туристиеским, торговым и развлекательным \r\nцентрам, и ещё к центру города, он всегда предлагает выгодные инвестиции \r\nи возможность проживания','Thanks to its unique \r\nlocation, where all needs can be met, as well as its proximity to the sea, nature, cultural, tourist, shopping and entertainment centers. \r\nto the sea, nature, cultural, tourist, shopping and entertainment centers, as well as to the city center, it always offers a profitable investment. \r\ncenters, and also to the city center, it always offers a profitable investment \r\nand the possibility of living','Benzersiz yapısı sayesinde \r\ntüm i̇hti̇yaçlarin karşilanabi̇leceği̇ eşsi̇z konumu, deni̇ze, doğaya, kültür, turi̇zm, alişveri̇ş ve eğlence merkezleri̇ne yakinliği \r\ndeni̇ze, doğaya, kültür, turi̇zm, alişveri̇ş ve eğlence merkezleri̇ne ve şehi̇r merkezi̇ne yakinliği i̇le her zaman kârli bi̇r yatirim sunuyor. \r\nmerkezlerine ve ayrıca şehir merkezine yakınlığıyla her zaman kârlı bir yatırım sunuyor. \r\nve yaşama olasılığı','2023-09-17 06:58:28','2023-09-23 16:06:52','Да','Да','Да','Да','Застройщик','Да','Да','[{\"id\": \"0\", \"size\": \"477\", \"floor\": \"цокольный, 1, 2\", \"price\": \"1100000\", \"building\": \"Вилла близнец\", \"price_code\": \"USD\", \"apartment_layout\": \"3+1\", \"apartment_layout_image\": \"4791ca8c79835d0451d9bdd736a3c133.jpg\"}, {\"id\": \"1\", \"size\": \"510\", \"floor\": \"цокольный, 1, 2\", \"price\": \"1125000\", \"building\": \"Сингл вилла\", \"price_code\": \"USD\", \"apartment_layout\": \"3+1\", \"apartment_layout_image\": \"9041728cb997de68161d7660f65a4f7b.jpg\"}]',NULL,NULL,'Die 32 Luxusvillen mit einer Fläche von 600 m2 wurden so konzipiert, dass sie \r\ndass sie ihren Besitzern bedingungslose Sicherheit und Wohnkomfort bieten. \r\nLeben','Dank seiner einzigartigen \r\nseiner einzigartigen Lage, in der alle Bedürfnisse erfüllt werden können, sowie seiner Nähe zum Meer, zur Natur, zu Kultur-, Tourismus-, Einkaufs- und Unterhaltungszentren. \r\nDank seiner einzigartigen Lage, in der alle Bedürfnisse erfüllt werden können, sowie seiner Nähe zum Meer, zur Natur, zu den Kultur-, Tourismus-, Einkaufs- und Unterhaltungszentren sowie zum Stadtzentrum, bietet es immer eine rentable Investition. \r\nZentren und auch das Stadtzentrum, es bietet immer eine rentable Investition \r\nund die Möglichkeit zu leben','uploads/preview_1695485079.jpg'),(28,'17','30','sale','Cross Forces','Antalya/Aksu',7802,'7802',223000,'USD','Особенности комплекса включают в себя:\r\n Парковку;\r\n Круглосуточную охрану;\r\n Бассейн;\r\n Аквапарк;\r\n Теннисную площадку;\r\n Зону барбекю и отдыха; Зону баскетбольной площадки;\r\n Другие зоны для спортивных сооружений;\r\n Детскую парковую зону;\r\n Открытую спортивную площадку;\r\n VIP-зону отдыха у бассейна;\r\n Костровую площадку;','Features of the complex include:\r\n Parking;\r\n 24-hour security;\r\n Pool;\r\n Water Park;\r\n Tennis court;\r\n Barbecue and recreation area; Basketball court area;\r\n Other areas for sports facilities;\r\n Children\'s park area;\r\n Outdoor sports area;\r\n VIP lounge area by the pool;\r\n Bonfire area;','Kompleksin özellikleri şunlardır:\r\n Otopark;\r\n 24 saat güvenlik;\r\n Yüzme havuzu\r\n Su parkı\r\n Tenis kortu;\r\n Barbekü ve rekreasyon alanı; Basketbol sahası alanı;\r\n Spor tesisleri için diğer alanlar;\r\n Çocuk park alanı;\r\n Açık hava spor alanı;\r\n Havuz kenarında VIP lounge alanı;\r\n Şenlik ateşi alanı;',36.899392105750614,30.824585310589004,NULL,NULL,'До моря 5 км\r\nрайон Алтынташ','To the sea 5 km\r\nAltyntash area','Denize 5 km\r\nAltıntaş mahallesi','2023-09-19 14:10:51','2023-09-23 21:59:25','Да','Да','Да','Да','Застройщик','Да','Да','[{\"id\": \"0\", \"size\": \"77\", \"floor\": \"Цокольный\", \"price\": \"235500\", \"building\": \"Блок B\", \"price_code\": \"USD\", \"apartment_layout\": \"2+1\", \"apartment_layout_image\": \"350769a0dd27ef4fa468e3489ce1d0b9.jpg\"}, {\"id\": \"1\", \"size\": \"90\", \"floor\": \"Цокольный, 2, 4, 6\", \"price\": \"235500\", \"building\": \"Блок B\", \"price_code\": \"USD\", \"apartment_layout\": \"2+1\", \"apartment_layout_image\": \"fcb801fa4d325ccd5537841adbaedfa5.jpg\"}, {\"id\": \"2\", \"size\": \"77\", \"floor\": \"6, 7\", \"price\": \"244500\", \"building\": \"Блок С\", \"price_code\": \"USD\", \"apartment_layout\": \"2+1\", \"apartment_layout_image\": \"31a3b33748809ea8c2dee922c310eed0.jpg\"}, {\"id\": \"3\", \"size\": \"90\", \"floor\": \"1, 2, 3, 5, 7\", \"price\": \"253599\", \"building\": \"Блок С\", \"price_code\": \"USD\", \"apartment_layout\": \"2+1\", \"apartment_layout_image\": \"7afa34c52e9b1511f047a0159805cfb2.jpg\"}, {\"id\": \"4\", \"size\": \"77\", \"floor\": \"Цокольный, 2, 4\", \"price\": \"223000\", \"building\": \"Блок D\", \"price_code\": \"USD\", \"apartment_layout\": \"2+1\", \"apartment_layout_image\": \"6471d041a0d92967e224bb254b0e7a76.jpg\"}, {\"id\": \"5\", \"size\": \"90\", \"floor\": \"Цокольный, 1, 2, 3, 4, 5, 6\", \"price\": \"253600\", \"building\": \"Блок D\", \"price_code\": \"USD\", \"apartment_layout\": \"2+1\", \"apartment_layout_image\": \"777f4d63c887e2625f876acbb51b53e0.jpg\"}, {\"id\": \"6\", \"size\": \"120\", \"floor\": \"Цокольный, 1, 2, 4, 5, 6, 7\", \"price\": \"326000\", \"building\": \"Блок А\", \"price_code\": \"USD\", \"apartment_layout\": \"3+1\", \"apartment_layout_image\": \"8d7676fcf711d6e0f3c6c28ffd235687.jpg\"}]',NULL,NULL,'Zur Ausstattung des Komplexes gehören:\r\n Parken;\r\n 24-Stunden-Sicherheit;\r\n Schwimmbad;\r\n Wasserpark;\r\n Tennisplatz;\r\n Grill- und Erholungsbereich; \r\n Basketballplatz;\r\n Andere Bereiche für Sportanlagen;\r\n Park für Kinder;\r\n Sportbereich im Freien;\r\n VIP-Lounge-Bereich am Pool;\r\n Bereich für Lagerfeuer;','Bis zum Meer 5 km\r\nAltyntash Nachbarschaft','uploads/preview_1695484716.jpg'),(29,'17','30','sale','Cross Twins','Antalya/Aksu',10200,'10200',184000,'USD','Бассейны, турецкая баня, сауна, тренажерный зал, крытая парковка, двухскоростной лифт, баскетбольная и волейбольная площадки, амфитеатр, бар у бассейна, беседки и детские жилые помещения. Вас ждет привилегированная жизнь, круглосуточная охрана 24/7','Swimming pools, Turkish bath, sauna, gym, covered parking, two-speed elevator, basketball and volleyball courts, amphitheater, pool bar, gazebos and children\'s living spaces. A privileged life awaits you, 24/7 security 24/7','Yüzme havuzları, Türk hamamı, sauna, spor salonu, kapalı otopark, çift hızlı asansör, basketbol ve voleybol sahaları, amfi tiyatro, havuz bar, çardaklar ve çocuk yaşam alanları. Ayrıcalıklı bir yaşam sizi bekliyor, 7/24 güvenlik 7/24',36.97343132537682,30.853767744671128,NULL,NULL,'Анталия - Аксу - Алтынташ, в 2,5 км от аэропорта и в 6 км от пляжа Лара. Построен на блоке №. 15343 и участок №. 1','Antalya - Aksu - Altıntaş, 2,5 km from the airport and 6 km from Lara beach. Built on block no. 15343 and plot no. 1','Antalya - Aksu - Altıntaş, havaalanına 2,5 km ve Lara plajına 6 km uzaklıktadır. Blok no üzerine inşa edilmiştir. 15343 ve arsa no. 1','2023-09-19 15:35:25','2023-09-23 21:58:36','Да','Да','Да','Да','Застройщик','Да','Да','[{\"id\": \"0\", \"size\": \"XX\", \"floor\": \"1, 2, 3 , 4, 5, 6, 7, 8\", \"price\": \"184000\", \"building\": \"Блок А\", \"price_code\": \"USD\", \"apartment_layout\": \"1+1\", \"apartment_layout_image\": \"7d9afd2d88badfc44edfb03ecb26b365.jpg\"}, {\"id\": \"1\", \"size\": \"XX\", \"floor\": \"1, 2, 3 , 4, 5, 6, 7, 8\", \"price\": \"188000\", \"building\": \"Блок B\", \"price_code\": \"USD\", \"apartment_layout\": \"1+1\", \"apartment_layout_image\": \"dd0bc58d150fbcb94269b0a141ca94eb.jpg\"}, {\"id\": \"2\", \"size\": \"XX\", \"floor\": \"1, 2, 3 , 4, 5, 6, 7, 8, 9\", \"price\": \"253000\", \"building\": \"Блок B\", \"price_code\": \"USD\", \"apartment_layout\": \"2+1\", \"apartment_layout_image\": \"cab05f006cdcdbeb5734d7a9ffa38295.jpg\"}, {\"id\": \"3\", \"size\": \"YY\", \"floor\": \"1, 2, 3 , 4, 5, 6, 7, 8, 9\", \"price\": \"293000\", \"building\": \"Блок А\", \"price_code\": \"USD\", \"apartment_layout\": \"2+1\", \"apartment_layout_image\": \"0a5877d0e7a6b23fb01be5a20a120904.jpg\"}, {\"id\": \"4\", \"size\": \"XX\", \"floor\": \"1, 4, 5, 7, 8, 9\", \"price\": \"253000\", \"building\": \"Блок B\", \"price_code\": \"USD\", \"apartment_layout\": \"2+1\", \"apartment_layout_image\": \"2d93403b2ee0427d6e481797a0df9425.jpg\"}, {\"id\": \"5\", \"size\": \"YY\", \"floor\": \"2, 4, 5, 9\", \"price\": \"299000\", \"building\": \"Блок B\", \"price_code\": \"USD\", \"apartment_layout\": \"2+1\", \"apartment_layout_image\": \"14e69c10e9b773f3854aaa329b085954.jpg\"}, {\"id\": \"6\", \"size\": \"XX\", \"floor\": \"1, 2, 3, 4, 5, 6, 7, 8, 9\", \"price\": \"450000\", \"building\": \"Блок А\", \"price_code\": \"USD\", \"apartment_layout\": \"3+1\", \"apartment_layout_image\": \"88e2e31b2c5edeb07eae170ecbc1ad63.jpg\"}, {\"id\": \"7\", \"size\": \"XX\", \"floor\": \"1, 2, 3, 4, 5, 6, 7, 8, 9\", \"price\": \"450000\", \"building\": \"Блок B\", \"price_code\": \"USD\", \"apartment_layout\": \"3+1\", \"apartment_layout_image\": \"88e2e31b2c5edeb07eae170ecbc1ad63.jpg\"}]',NULL,NULL,'Schwimmbäder, Türkisches Bad, Sauna, Fitnessraum, überdachter Parkplatz, Aufzug mit zwei Geschwindigkeiten, Basketball- und Volleyballplätze, Amphitheater, Poolbar, Pavillons und Kinderwohnbereiche. Ein privilegiertes Leben erwartet Sie, 24/7 Sicherheit 24/7','Antalya - Aksu - Altıntaş, 2,5 km vom Flughafen und 6 km vom Lara-Strand entfernt. Erbaut auf Block Nr. 15343 und Grundstück Nr. 1','uploads/preview_1695479300.jpg'),(30,'17','30','sale','Loft Prive','Antalya/Konyaaltı',3371,'1160',260000,'USD','Особенности жилого комплекса: \r\nПодземная парковка \r\nОткрытый паркинг \r\nДоступ на лифте на этажи с закрытой парковки \r\nКруглосуточная охрана (24/7), лобби/ресепшн \r\nГенератор бесперебойного питания \r\nОткрытый бассейн с шезлонгами и зонтиками \r\nДетский бассейн \r\nБар у бассейна \r\nФитнес-центр \r\nСпа-центр (сауна, паровая комната, отдельный душ для мужчин и женщин, \r\n мужская и женская переодевальные комнаты) \r\nЛаунж-зона \r\nИгровая комната (Пинг-Понг, настольный хоккей, настольный футбол) \r\nБильярдная комната \r\nИгровая комната для детей \r\nДетская площадка \r\nЛандшафтный дизайн \r\nСистема видеонаблюдения \r\nСпутниковое телевидение \r\nБеседки \r\nВ каждом здании 2 лифта \r\nВходные двери зданий – автоматические','Building features: \r\nUnderground parking \r\nOpen parking in front of the complex \r\nAccess to the floors by lift from indoor parking \r\nSecurity (24/7), lobby sitting area \r\nGenerator \r\nOutdoor swimming pool, sun loungers and umbrellas \r\nChildren’s swimming pool \r\nPool bar \r\nFitness center \r\nSpa center (sauna, steam room, shower, changing rooms for Women and Men, separate \r\nshowers for Women and Men) \r\nLounge zone \r\nPlayroom (Langırt, Ping Pong, Airhockey) \r\nBilliards \r\nChildren’s playroom \r\nPlayground \r\nLandscape design \r\nVideo surveillance system \r\nCentral satellite system \r\nWooden gazebo \r\nVideo intercom system \r\n2 lifts in each building \r\nAutomatic entrance doors of the buildings','Kapalı otopark \r\nAçık otopark site önünde \r\nKapalı otoparktan asansör ile katlara ulaşım \r\n7/24 Guvenlik, lobi \r\nJenerator \r\nAçık yüzme havuzu, şezlonglar ve şemsiyeler \r\nÇocuk yüzme havuzu \r\nKafeterya \r\nFitness \r\nSpa (sauna, buhar odası, Bay-Bayan giyinme odaları, Bay-Bayan duş) \r\nDinlenme alanı \r\nOyun odası (Langırt, Ping Pong, Air hockey) \r\nBilardo odası \r\nCocuk oyun odası \r\nÇocuk oyun parkı açık alanda \r\nPeyzajlı bahçe \r\nKapalı devre kamera sistemi \r\nMerkezi uydu sistemi\r\nKamelya \r\nHer binada 2 adet asansör \r\nBina girişlerinde fotoselli otomatik kapılar.',36.849007029060246,30.598132413948857,NULL,NULL,'Пляж Коньяалты – 1700 м \r\nБоачай – 1000 м \r\nШоппинг молл – 500 м \r\nБольница – 4 км \r\n2М Мигрос – 50 м \r\nСтарый город – 11 км \r\nГорнолыжный центр «Саклыкент» - 45 км \r\nАэропорт – 25 км \r\nКемер – 30 км \r\nДревний город «Фаселис» - 35 км \r\nПляж для женщин – 1500 м\r\nЗона для пикников и барбекю – 1500 м \r\nКанатная дорога на гору Тюнектепе – 1500 м \r\nМеждународная русская школа – 2 км \r\nАнталья Аквариум – 6 км \r\nАквапарк – 6 км \r\nЛуна-парк – 6 км','Konyaalti beach – 1700 m \r\nBoachay – 1000 m \r\nShopping Mall – 500 m \r\nHospital – 4 km \r\n2M Migros – 50 m \r\nOld town – 11 km \r\nSki center «Saklıkent» – 45 km \r\nAirport – 25 km \r\nKemer – 30 km \r\nThe ancient city of Phaselis – 35 km \r\nBeach for women – 1500 m \r\nPicnic and BBQ area- 1500 m \r\nTunektepe Cable Railway – 1500 m \r\nİnternational Russian School – 2 km \r\nAntalya Aquarium – 6 km \r\nAqua Park – 6 km \r\nLuna Park – 6 km','Konyaalti beach – 1700 m \r\nBoachay – 1000 m \r\nShopping Mall – 500 m \r\nHospital – 4 km \r\n2M Migros – 50 m \r\nOld town – 11 km \r\nSki center «Saklıkent» – 45 km \r\nAirport – 25 km \r\nKemer – 30 km \r\nThe ancient city of Phaselis – 35 km \r\nBeach for women – 1500 m \r\nPicnic and BBQ area- 1500 m \r\nTunektepe Cable Railway – 1500 m \r\nİnternational Russian School – 2 km \r\nAntalya Aquarium – 6 km \r\nAqua Park – 6 km \r\nLuna Park – 6 km','2023-09-23 18:41:41','2023-09-23 19:39:40','Да','Нет','Да','Да','Застройщик','Да','Да','[{\"id\": \"0\", \"size\": \"60\", \"floor\": \"4\", \"price\": \"265000\", \"building\": \"Блок B\", \"price_code\": \"USD\", \"apartment_layout\": \"1+1\", \"apartment_layout_image\": \"ef348f36a0c8d1cf30ec11439b81b065.jpg\"}, {\"id\": \"1\", \"size\": \"118\", \"floor\": \"5. 6\", \"price\": \"500000\", \"building\": \"Блок  B\", \"price_code\": \"USD\", \"apartment_layout\": \"2+1\", \"apartment_layout_image\": \"3c5662235507a78df1ce89df5779f556.jpg\"}, {\"id\": \"2\", \"size\": \"144\", \"floor\": \"5, 6\", \"price\": \"520000\", \"building\": \"Блок B\", \"price_code\": \"USD\", \"apartment_layout\": \"2+1\", \"apartment_layout_image\": \"fe89f3b424bd5a292d5428ea4cfb8949.jpg\"}]',NULL,NULL,'Merkmale des Wohnkomplexes: \r\nTiefgarage \r\nFreiluft-Parkplatz \r\nAufzug zu den Etagen vom geschlossenen Parkhaus aus \r\n24/7 Sicherheitsdienst, Lobby/Empfangsbereich \r\nUnterbrechungsfreier Stromgenerator \r\nAußenschwimmbad mit Liegestühlen und Sonnenschirmen \r\nKinderbecken \r\nPool-Bar \r\nFitnesszentrum \r\nSpa-Center (Sauna, Dampfbad, getrennte Duschen für Männer und Frauen, \r\nUmkleideräume für Damen und Herren) \r\nLounge-Bereich \r\nSpielzimmer (Tischtennis, Tischhockey, Tischfußball) \r\nBillardraum \r\nSpielzimmer für Kinder \r\nSpielplatz für Kinder \r\nLandschaftliche Gestaltung \r\nVideoüberwachungssystem \r\nSatellitenfernsehen \r\nGartenlauben \r\nJedes Gebäude hat 2 Aufzüge \r\nDie Eingangstüren der Gebäude sind automatisch','Konyaalti Strand - 1700 m \r\nBoachay - 1000 m \r\nEinkaufszentrum - 500 m \r\nKrankenhaus - 4 km \r\n2M Migros - 50 m \r\nAltstadt - 11 km \r\nSaklykent Skizentrum - 45 km \r\nFlughafen - 25 km \r\nKemer - 30 km \r\nAntike Stadt \"Faselis\" - 35 km \r\nStrand für Frauen - 1500 m\r\nPicknick- und Grillplatz - 1500 m \r\nSeilbahn zum Berg Tünektepe - 1500 m \r\nInternationale Russische Schule - 2 km \r\nAntalya Aquarium - 6 km \r\nAquapark - 6 km \r\nLuna-Park - 6 km','uploads/preview_1695494501.jpg'),(31,'17','30','sale','Loft Marine','Antalya/Konyaaltı',4611,'1311',345000,'USD','Особенности жилого комплекса: \r\nПодземная парковка \r\nОткрытый паркинг \r\nДоступ на лифте на этажи с закрытой парковки \r\nКруглосуточная охрана (24/7), лобби/ресепшн \r\nГенератор бесперебойного питания \r\nОткрытый бассейн с шезлонгами и зонтиками \r\nКрытый бассейн \r\nДетский бассейн \r\nБар у бассейна \r\nФитнес-центр \r\nСпа-центр (сауна, паровая комната, отдельный душ для мужчин и женщин, \r\nмужская и женская переодевальные комнаты) \r\nЛаунж-зона \r\nИгровая комната (Пинг-Понг, настольный хоккей, настольный футбол) \r\nБильярдная комната \r\nИгровая комната для детей \r\nДетская площадка \r\nЛандшафтный дизайн \r\nСистема видеонаблюдения \r\nСпутниковое телевидение \r\nБеседки\r\nВ каждом здании 2 лифта \r\nВходные двери зданий – автоматические','Building features: \r\nUnderground parking \r\nOpen parking in front of the complex \r\nAccess to the floors by lift from indoor parking \r\nSecurity (24/7), lobby sitting area \r\nGenerator \r\nOutdoor swimming pool, sun loungers and umbrellas \r\nİndoor heated swimming pool \r\nChildren’s swimming pool \r\nPool bar \r\nFitness \r\nSpa center (sauna, steam room, shower, changing rooms for Women and Men, separate \r\nshowers for Women and Men) \r\nLounge zone \r\nPlayroom (Langırt, Ping Pong, Airhockey) \r\nBilliards \r\nChildren’s playroom \r\nPlayground \r\nLandscape design \r\nVideo surveillance system \r\nCentral satellite system \r\nWooden gazebo \r\nVideo intercom system \r\n2 lifts in each building \r\nAutomatic entrance doors of the buildings','Site özellikleri: \r\nKapalı otopark \r\nAçık otopark site önünde \r\nKapalı otoparktan asansör ile katlara ulaşım \r\n7/24 Guvenlik, lobi \r\nJenerator \r\nAçık yüzme havuzu, şezlonglar ve şemsiyeler \r\nKapalı ve ısıtmalı yüzme havuzu \r\nÇocuk yüzme havuzu \r\nKafeterya \r\nFitness \r\nSpa (sauna, buhar odası, Bay-Bayan giyinme odaları, Bay-Bayan duş) \r\nDinlenme alanı \r\nOyun odası (Langırt, Ping Pong, Air hockey) \r\nBilardo odası \r\nCocuk oyun odası \r\nÇocuk oyun parkı açık alanda \r\nPeyzajlı bahçe \r\nKapalı devre kamera sistemi \r\nMerkezi uydu sistemi\r\nKamelya\r\nHer binada 2 adet asansör \r\nBina girişlerinde fotoselli otomatik kapılar',36.84902621644419,30.598993043334975,NULL,NULL,'Пляж Коньяалты – 1700 м \r\nБоачай – 1000 м \r\nШоппинг молл – 500 м \r\nБольница – 4 км \r\n2М Мигрос – 50 м \r\nСтарый город – 11 км \r\nГорнолыжный центр «Саклыкент» - 45 км \r\nАэропорт – 25 км \r\nКемер – 30 км \r\nПляж для женщин – 1500 м \r\nКанатная дорога на гору Тюнектепе – 1500 м \r\nМеждународная русская школа – 2 км \r\nАнталья Аквариум – 6 км \r\nАквапарк – 6 км \r\nЛуна-парк – 6 км','Konyaalti beach – 1700 m \r\nBoachay – 1000 m \r\nShopping Mall – 500 m \r\nHospital – 4 km \r\n2M Migros – 50 m \r\nOld town – 11 km \r\nSki center «Saklıkent» – 45 km \r\nAirport – 25 km \r\nKemer – 30 km \r\nThe ancient city of Phaselis – 35 km \r\nBeach for women – 1500 m \r\nPicnic and BBQ area- 1500 m \r\nTunektepe Cable Railway – 1500 m \r\nİnternational Russian School – 2 km \r\nAntalya Aquarium – 6 km \r\nAqua Park – 6 km \r\nLuna Park – 6 km','Konyaaltı sahili – 1700 m \r\nBoğaçay – 1000 m \r\nShopping Mall – 500 m \r\nHastane – 4 км \r\n2М Migros – 50 m \r\nKaleiçi – 11 km \r\nSaklıkent Kayak Merkezi – 45 km \r\nHavalimanı – 25 km \r\nKemer – 30 km \r\nKadınlar plajı – 1500 m \r\nTünektepe – 1500 m \r\nUluslararası Rus Okulu – 2 km \r\nAntalya Akvaryum ve Eğlence Merkezi – 6 km \r\nAquapark – 6 km \r\nLunapark – 6 km','2023-09-23 20:10:10','2023-09-23 20:39:54','Да','Нет','Да','Да','Застройщик','Да','Да','[{\"id\": \"0\", \"size\": \"150\", \"floor\": \"5, 6\", \"price\": \"585000\", \"building\": \"Блок А\", \"price_code\": \"USD\", \"apartment_layout\": \"3+1\", \"apartment_layout_image\": \"a27df6b8bfe2344030b8e55bbcbcba87.jpg\"}, {\"id\": \"1\", \"size\": \"100\", \"floor\": \"4\", \"price\": \"395000\", \"building\": \"Блок А\", \"price_code\": \"USD\", \"apartment_layout\": \"2+1\", \"apartment_layout_image\": \"96e060acd088d276fa19c61ce6fb7e37.jpg\"}, {\"id\": \"2\", \"size\": \"106\", \"floor\": \"3\", \"price\": \"415000\", \"building\": \"Блок B\", \"price_code\": \"USD\", \"apartment_layout\": \"2+1\", \"apartment_layout_image\": \"412ca05309f603d33470dc10f1074c30.jpg\"}, {\"id\": \"3\", \"size\": \"82\", \"floor\": \"3\", \"price\": \"345000\", \"building\": \"Блок B\", \"price_code\": \"USD\", \"apartment_layout\": \"2+1\", \"apartment_layout_image\": \"8725ad22699fc869bf614d14aba70b58.jpg\"}, {\"id\": \"4\", \"size\": \"100\", \"floor\": \"3\", \"price\": \"395000\", \"building\": \"Блок B\", \"price_code\": \"USD\", \"apartment_layout\": \"2+1\", \"apartment_layout_image\": \"7945be468b4a0cbac58500aa5044755d.jpg\"}]',NULL,NULL,'Merkmale des Wohnkomplexes: \r\nTiefgarage \r\nAußenparkplatz \r\nAufzug mit Zugang zu den Etagen vom geschlossenen Parkhaus \r\n24/7 Sicherheit, Lobby/Rezeption \r\nUnterbrechungsfreie \r\nAußenschwimmbad mit Liegestühlen und Sonnenschirmen \r\nHallenbad \r\nKinderbecken \r\nPool-Bar \r\nFitnesszentrum \r\nSpa-Center (Sauna, Dampfbad, getrennte Duschen für Damen und Herren, \r\nUmkleideräume für Damen und Herren) \r\nAufenthaltsbereich \r\nSpielzimmer (Tischtennis, Tischhockey, Tischfußball) \r\nBillardraum \r\nSpielzimmer für Kinder \r\nSpielplatz für Kinder \r\nLandschaftsgestaltung \r\nVIDEOÜBERWACHUNG \r\nSatellitenfernsehen \r\nGartenlauben \r\nJedes Gebäude hat 2 Aufzüge \r\nEingangstüren der Gebäude - automatisch','Konyaalti Strand - 1700 m \r\nBoachay - 1000 m \r\nEinkaufszentrum - 500 m \r\nKrankenhaus - 4 km \r\n2M Migros - 50 m \r\nAltstadt - 11 km \r\nSkizentrum Saklykent - 45 km \r\nFlughafen - 25 km \r\nKemer - 30 km \r\nFrauenstrand - 1500 m \r\nSeilbahn zum Berg Tyunektepe - 1500 m \r\nInternationale Russische Schule - 2 km \r\nAntalya Aquarium - 6 km \r\nAquapark - 6 km \r\nLuna Park - 6 km','uploads/preview_1695499811.jpg'),(32,'17','30','sale','Prestige Town','Antalya/Kepez',9391,'9391',126000,'USD','Закрытая автостоянка (6245 м2 180 парковочных мест) \r\nОткрытый бассейн; 233 м2 x 2 шт. \r\nКрытый бассейн; 70 м2 \r\nДетский бассейн; 11,20 м2 x 2 шт. \r\nОткрытая игровая площадка \r\nКрытая игровая площадка \r\nКонференц-зал \r\nКинозал \r\nКомната для присмотра за детьми \r\nКрытый спортивный зал; 108 м2 \r\nТурецкая баня, сауна, парная, раздевалки. \r\nМногоцелевая спортивная площадка \r\nСадовые камелии и площадка для барбекю \r\nКостровая яма, гигантские шахматы, декоративный бассейн у входа на территорию. \r\nГенератор, система охраны и видеонаблюдения','Closed parking lot (6245 m2 180 parking spaces) \r\nOutdoor swimming pool; 233 m2 x 2 pcs. \r\nIndoor pool; 70 m2 \r\nChildren\'s pool; 11,20 m2 x 2 pcs. \r\nOutdoor playground \r\nIndoor playground \r\nConference hall \r\nCinema room \r\nChild care room \r\nIndoor gym; 108 m2 \r\nTurkish bath, sauna, steam room, locker rooms. \r\nMulti-purpose sports field \r\nCamellia gardens and barbecue area \r\nBonfire pit, giant chess, decorative pool at the entrance to the territory. \r\nGenerator, video surveillance and security system','Kapalı otopark (6245 m2 180 Adet Park Yeri) \r\nAçık Havuz; 233 m2 x 2 Adet \r\nKapalı Havuz; 70 m2 \r\nÇocuk Havuzu; 11,20 m2 x 2 Adet \r\nAçık çocuk parkı \r\nKapalı oyun alanı \r\nToplantı Odası \r\nSinema Odası \r\nÇocuk Bakım Odası \r\nKapalı Spor Salonu; 108 m2 \r\nHamam, Sauna, Buhar Odası, Soyunma Odaları. \r\nÇok amaçlı spor sahası \r\nBahçe kamelyaları ve barbekü alanı \r\nAteş çukuru, Dev Satranç, Site girişinde Süs Havuzu. \r\nJeneratör, Güvenlik ve kamera sistemi',36.95476111513529,30.697588568228387,NULL,NULL,'Трамвай; 1 км\r\nНовая городская больница; 3 км \r\nАэропорт; 10 км \r\nМарк Анталии; 8 км \r\nПляж Коньяалты; 10 км \r\nКалеичи; 8 км','Tram; 1 km\r\nNew City Hospital; 3 km \r\nAirport; 10 km \r\nMark Antalya; 8 km \r\nKonyaalti Beach; 10 km \r\nKaleici; 8 km','Tramvay; 1 km\r\nYeni Şehir Hastanesi; 3 km \r\nHavalimanı; 10 km \r\nMark Antalya; 8 km \r\nKonyaaltı Sahili; 10 km \r\nKaleiçi; 8 km','2023-09-23 21:25:43','2023-09-24 14:33:18','Да','Да','Да','Да','Застройщик','Да','Да','[{\"id\": \"0\", \"size\": \"50\", \"floor\": \"1, 2, 3, 4, 5, 6\", \"price\": \"126000\", \"building\": \"Блок А1\", \"price_code\": \"USD\", \"apartment_layout\": \"1+1\", \"apartment_layout_image\": \"ea428df55f2cfdde3f183d78a4b8f522.jpg\"}, {\"id\": \"1\", \"size\": \"50\", \"floor\": \"1, 2, 3 , 4, 5, 6\", \"price\": \"130000\", \"building\": \"Блок А2\", \"price_code\": \"USD\", \"apartment_layout\": \"1+1\", \"apartment_layout_image\": \"ea428df55f2cfdde3f183d78a4b8f522.jpg\"}, {\"id\": \"2\", \"size\": \"52,5\", \"floor\": \"1,  3 , 5\", \"price\": \"133000\", \"building\": \"Блок А1\", \"price_code\": \"USD\", \"apartment_layout\": \"1+1\", \"apartment_layout_image\": \"2956fcc3c873c7f21de828e206d5fae3.jpg\"}, {\"id\": \"3\", \"size\": \"52,5\", \"floor\": \"1, 2, 4, 6\", \"price\": \"136998\", \"building\": \"Блок А2\", \"price_code\": \"USD\", \"apartment_layout\": \"1+1\", \"apartment_layout_image\": \"a3af97a82a04f64a76e840aa82af5600.jpg\"}, {\"id\": \"4\", \"size\": \"52\", \"floor\": \"2, 4, 6\", \"price\": \"135000\", \"building\": \"Блок А1\", \"price_code\": \"USD\", \"apartment_layout\": \"1+1\", \"apartment_layout_image\": \"54a779ee02e7df62d1d5ee633eacbd69.jpg\"}, {\"id\": \"5\", \"size\": \"52\", \"floor\": \"1, 2, 3, 5\", \"price\": \"135000\", \"building\": \"Блок А2\", \"price_code\": \"USD\", \"apartment_layout\": \"1+1\", \"apartment_layout_image\": \"c0c86ae800329f5437dbcc98b1eea9ce.jpg\"}]',NULL,NULL,'Geschlossener Parkplatz (6245 m2 180 Stellplätze) \r\nAußenschwimmbad; 233 m2 x 2 Stk. \r\nHallenschwimmbad; 70 m2 \r\nKinderbecken; 11,20 m2 x 2 Stk. \r\nSpielplatz im Freien \r\nInnenspielplatz \r\nKonferenzsaal \r\nKinosaal \r\nRaum für Kinderbetreuung \r\nSporthalle; 108 m2 \r\nTürkisches Bad, Sauna, Dampfbad, Umkleideräume. \r\nMehrzweck-Sportplatz \r\nKameliengarten und Grillplatz \r\nLagerfeuerplatz, Riesenschach, dekoratives Schwimmbecken am Eingang des Geländes. \r\nGenerator, Videoüberwachung und Sicherheitssystem','Straßenbahn; 1 km\r\nNeues Stadtkrankenhaus; 3 km \r\nFlughafen; 10 km \r\nMark Antalya; 8 km \r\nKonyaalti Strand; 10 km \r\nKaleici; 8 km','uploads/preview_1695504344.jpg'),(33,'17','30','sale','Kayra Residence','Antalya/Konyaaltı',767,'767',220000,'USD','Бассейн\r\nДетский бассейн\r\nФитнес и санаторий\r\nОткрытая автостоянка\r\nГардеробная в каждой квартире\r\nПол с подогревом\r\nЭлектронные жалюзи на всех окнах\r\nДушевая кабина и гардероб в ванных комнатах\r\nИнверторный кондиционер в каждой комнате\r\nСистема видеонаблюдения 7/24\r\nКухня с современным дизайном\r\nКамелия, детская игровая площадка\r\nСпециальный дизайн ландшафтного Дизайна сада\r\nВстроенный гарнитур\r\nЛифт\r\nСветодиодная лента в гостиных и холлах\r\nСистема подвесных потолков\r\nЦентральный спутник','Swimming pool\r\nChildren\'s pool\r\nFitness and health center\r\nOpen parking lot\r\nDressing room in each apartment\r\nFloor heating\r\nElectronic blinds on all windows\r\nShower cubicle and closet in bathrooms\r\nInverter air conditioner in each room\r\nVideo surveillance system 7/24\r\nKitchen with modern design\r\nCamellia, children\'s playground\r\nSpecial Garden Landscape Design\r\nBuilt-in garniture\r\nElevator\r\nLED strip in living rooms and halls\r\nSuspended Ceiling System\r\nCentral Satellite','Yüzme havuzu\r\nÇocuk havuzu\r\nFitness ve sağlık merkezi\r\nAçık otopark\r\nHer dairede vestiyer\r\nYerden ısıtma\r\nTüm pencerelerde elektronik panjurlar\r\nBanyolarda duş kabini ve gardırop\r\nHer odada inverter klima\r\nCCTV sistemi 7/24\r\nModern tasarımlı mutfak\r\nKamelya, çocuk oyun alanı\r\nÖzel olarak tasarlanmış peyzajlı bahçe\r\nGömme dolap\r\nAsansör\r\nOturma odaları ve salonlarda LED şerit\r\nAsma Tavan Sistemi\r\nMerkezi uydu',36.86275911322911,30.607539066866728,NULL,NULL,'1700 м Пляж Каньяалты\r\n1500 м Богакай\r\n500 м Торговый центр\r\n4 км Больница\r\n50 км 2M Migros\r\n11 км до Старого города \r\n45 км Горнолыжный центр Сакикент\r\n25 км до аэропорта\r\n30 км Кемер\r\n35 км Древнее городище Фазелис\r\n1500 м Женский пляж\r\n1500 м Канатная дорога Тунектепе\r\n1500 м Место для пикника и барбекю\r\n2 км Международная русская школа\r\n6 км Аквариум Анталии\r\n6 км Аквапарк\r\n6 км Парк развлечений','1700 m Kaniaalta Beach\r\n1500 m Bogakai\r\n500 m Shopping Center\r\n4 km Hospital\r\n50 km 2M Migros\r\n11 km to Old Town \r\n45 km Sakikent Ski Center\r\n25 km to the airport\r\n30 km Kemer\r\n35 km Fazelis Ancient site\r\n1500 m Women\'s beach\r\n1500 m Tunektepe Cable Car\r\n1500 m Picnic and barbecue place\r\n2 km International Russian School\r\n6 km Antalya Aquarium\r\n6 km Aquapark\r\n6 km Amusement Park','1700 m Kaniaalta Plajı\r\n1500 m Bogakai\r\n500 m Alışveriş Merkezi\r\n4 km Hastane\r\n50 km 2M Migros\r\nEski Şehir\'e 11 km \r\n45 km Sakikent Kayak Merkezi\r\nHavaalanına 25 km\r\n30 km Kemer\r\n35 km Fazelis Antik Alanı\r\n1500 m Kadınlar plaj\r\n1500 m Tünektepe Teleferik\r\n1500 m Piknik ve barbekü yeri\r\n2 km Uluslararası Rus Okulu\r\n6 km Antalya Akvaryum\r\n6 km Aquapark\r\n6 km Eğlence Parkı','2023-09-24 15:26:31','2023-09-24 16:24:32','Да','Нет','Да','Да','Застройщик','Да','Да','[{\"id\": \"0\", \"size\": \"55\", \"floor\": \"1, 2, 3\", \"price\": \"220000\", \"building\": \"Блок А\", \"price_code\": \"USD\", \"apartment_layout\": \"1+1\", \"apartment_layout_image\": \"85fdffa726629312598bc946f704b229.jpg\"}, {\"id\": \"1\", \"size\": \"140\", \"floor\": \"4\", \"price\": \"315000\", \"building\": \"Блок А\", \"price_code\": \"USD\", \"apartment_layout\": \"2+1 dublex\", \"apartment_layout_image\": \"d67e268d2532b69f975a29614d35a278.jpg\"}]',NULL,NULL,'Schwimmbad\r\nKinderbecken\r\nFitness- und Gesundheitszentrum\r\nAußen-Parkplatz\r\nGarderobe in jeder Wohnung\r\nFußbodenheizung\r\nElektronische Jalousien an allen Fenstern\r\nDuschkabine und Kleiderschrank in den Bädern\r\nInverter-Klimaanlage in jedem Zimmer\r\nCCTV-System 7/24\r\nKüche mit modernem Design\r\nKamelie, Kinderspielplatz\r\nSpeziell gestalteter Landschaftsgarten\r\nEingebauter Kleiderschrank\r\nAufzug\r\nLED-Leisten in Wohnräumen und Fluren\r\nAbgehängte Deckensysteme\r\nZentraler Satellit','1700 m Kaniaalta Strand\r\n1500 m Bogakai\r\n500 m Einkaufszentrum\r\n4 km Krankenhaus\r\n50 km 2M Migros\r\n11 km zur Altstadt \r\n45 km zum Skizentrum Sakikent\r\n25 km zum Flughafen\r\n30 km Kemer\r\n35 km Fazelis Antike Stätte\r\n1500 m Frauenstrand\r\n1500 m Tunektepe Seilbahn\r\n1500 m Picknick- und Grillplatz\r\n2 km Internationale Russische Schule\r\n6 km Antalya-Aquarium\r\n6 km Aquapark\r\n6 km Vergnügungspark','uploads/preview_1695569191.jpg');
/*!40000 ALTER TABLE `products` ENABLE KEYS */;
UNLOCK TABLES;

--
-- Table structure for table `rasrochkas`
--

DROP TABLE IF EXISTS `rasrochkas`;
/*!40101 SET @saved_cs_client     = @@character_set_client */;
/*!50503 SET character_set_client = utf8mb4 */;
CREATE TABLE `rasrochkas` (
  `id` bigint unsigned NOT NULL AUTO_INCREMENT,
  `title` varchar(255) COLLATE utf8mb4_unicode_ci DEFAULT NULL,
  `content` json DEFAULT NULL,
  `content_en` longtext COLLATE utf8mb4_unicode_ci,
  `content_tr` longtext COLLATE utf8mb4_unicode_ci,
  `created_at` timestamp NULL DEFAULT NULL,
  `updated_at` timestamp NULL DEFAULT NULL,
  PRIMARY KEY (`id`)
) ENGINE=InnoDB AUTO_INCREMENT=2 DEFAULT CHARSET=utf8mb4 COLLATE=utf8mb4_unicode_ci;
/*!40101 SET character_set_client = @saved_cs_client */;

--
-- Dumping data for table `rasrochkas`
--

LOCK TABLES `rasrochkas` WRITE;
/*!40000 ALTER TABLE `rasrochkas` DISABLE KEYS */;
INSERT INTO `rasrochkas` VALUES (1,NULL,'\"<p>rasrochka</p>\"','\"<p>en<\\/p>\"','\"<p>tr<\\/p>\"','2023-07-06 06:51:08','2023-07-10 14:09:45');
/*!40000 ALTER TABLE `rasrochkas` ENABLE KEYS */;
UNLOCK TABLES;

--
-- Table structure for table `requests`
--

DROP TABLE IF EXISTS `requests`;
/*!40101 SET @saved_cs_client     = @@character_set_client */;
/*!50503 SET character_set_client = utf8mb4 */;
CREATE TABLE `requests` (
  `id` bigint unsigned NOT NULL AUTO_INCREMENT,
  `fio` longtext COLLATE utf8mb4_unicode_ci,
  `product_id` bigint unsigned DEFAULT NULL,
  `messenger` varchar(255) COLLATE utf8mb4_unicode_ci DEFAULT NULL,
  `country` varchar(255) COLLATE utf8mb4_unicode_ci DEFAULT NULL,
  `phone` varchar(255) COLLATE utf8mb4_unicode_ci DEFAULT NULL,
  `message` varchar(255) COLLATE utf8mb4_unicode_ci DEFAULT NULL,
  `status` varchar(255) COLLATE utf8mb4_unicode_ci NOT NULL DEFAULT '1',
  `created_at` timestamp NULL DEFAULT NULL,
  `updated_at` timestamp NULL DEFAULT NULL,
  `landing_id` bigint unsigned DEFAULT NULL,
  PRIMARY KEY (`id`),
  KEY `requests_product_id_foreign` (`product_id`),
  KEY `requests_landing_id_index` (`landing_id`),
  CONSTRAINT `requests_landing_id_foreign` FOREIGN KEY (`landing_id`) REFERENCES `landings` (`id`) ON DELETE CASCADE ON UPDATE CASCADE,
  CONSTRAINT `requests_product_id_foreign` FOREIGN KEY (`product_id`) REFERENCES `products` (`id`) ON DELETE CASCADE
) ENGINE=InnoDB AUTO_INCREMENT=32 DEFAULT CHARSET=utf8mb4 COLLATE=utf8mb4_unicode_ci;
/*!40101 SET character_set_client = @saved_cs_client */;

--
-- Dumping data for table `requests`
--

LOCK TABLES `requests` WRITE;
/*!40000 ALTER TABLE `requests` DISABLE KEYS */;
INSERT INTO `requests` VALUES (1,NULL,NULL,'WhatsApp','Россия (Russia)','+7(234) 234-23-42',NULL,'1','2023-07-12 12:12:48','2023-07-12 12:12:48',NULL),(2,NULL,NULL,'WhatsApp','Россия (Russia)','+7(234) 234-23-42',NULL,'1','2023-07-12 12:12:54','2023-07-12 12:12:54',NULL),(3,NULL,NULL,'WhatsApp','Россия (Russia)','+7(234) 234-23-42',NULL,'1','2023-07-12 12:17:51','2023-07-12 12:17:51',NULL),(4,NULL,NULL,'WhatsApp','Россия (Russia)','+7(234) 234-23-42',NULL,'1','2023-07-12 12:21:07','2023-07-12 12:21:07',NULL),(5,NULL,NULL,'WhatsApp','Россия (Russia)','+7(234) 234-23-23',NULL,'1','2023-07-12 12:21:16','2023-07-12 12:21:16',NULL),(6,NULL,NULL,'WhatsApp','Россия (Russia)','+7(435) 634-63-46',NULL,'1','2023-07-12 12:23:21','2023-07-12 12:23:21',NULL),(7,NULL,NULL,'WhatsApp','Россия (Russia)','+7(234) 234-23-42',NULL,'1','2023-07-12 12:24:52','2023-07-12 12:24:52',NULL),(8,NULL,NULL,'WhatsApp','Россия (Russia)','+7(123) 123-12-31',NULL,'1','2023-07-12 12:25:24','2023-07-12 12:25:24',NULL),(9,NULL,NULL,NULL,'','213123123123',NULL,'1','2023-07-12 14:27:53','2023-07-12 14:27:53',NULL),(10,NULL,NULL,NULL,'','12312313',NULL,'1','2023-07-12 14:29:06','2023-07-12 14:29:06',NULL),(11,'3123123',NULL,NULL,'','123123123',NULL,'1','2023-07-12 14:31:42','2023-07-12 14:31:42',NULL),(14,NULL,NULL,'WhatsApp','Россия (Russia)','+7(235) 235-23-52',NULL,'1','2023-07-12 14:59:01','2023-07-12 14:59:01',NULL),(15,NULL,NULL,'WhatsApp','Россия (Russia)','+7(423) 423-42-34',NULL,'1','2023-07-12 15:14:47','2023-07-12 15:14:47',NULL),(16,NULL,NULL,'WhatsApp','Россия (Russia)','+7(435) 634-56-34',NULL,'1','2023-07-12 15:15:16','2023-07-12 15:15:16',NULL),(17,NULL,NULL,'WhatsApp','Россия (Russia)','+7(234) 234-23-42',NULL,'1','2023-07-12 15:16:22','2023-07-12 15:16:22',NULL),(18,NULL,NULL,'WhatsApp','Россия (Russia)','+7(234) 234-23-42',NULL,'1','2023-07-12 15:17:09','2023-07-12 15:17:09',NULL),(19,NULL,NULL,'WhatsApp','Россия (Russia)','+7(234) 234-23-42',NULL,'1','2023-07-12 15:17:41','2023-07-12 15:17:41',NULL),(20,NULL,NULL,'WhatsApp','Россия (Russia)','+7(234) 523-42-34',NULL,'1','2023-07-12 15:18:10','2023-07-12 15:18:10',NULL),(21,NULL,NULL,'WhatsApp','Россия (Russia)','+7(345) 435-43-54',NULL,'1','2023-07-12 15:19:35','2023-07-12 15:19:35',NULL),(22,NULL,NULL,'WhatsApp','Россия (Russia)','+7(234) 234-23-42',NULL,'1','2023-07-12 15:20:18','2023-07-12 15:20:18',NULL),(23,NULL,NULL,'WhatsApp','Россия (Russia)','+7(234) 234-23-42',NULL,'2','2023-07-12 15:21:42','2023-07-17 07:57:01',NULL),(27,'Ви',15,NULL,'','9992223344',NULL,'1','2023-08-01 11:25:32','2023-08-01 11:25:32',NULL),(28,'Александр',15,NULL,'','+79995554433',NULL,'1','2023-08-01 11:31:35','2023-08-01 11:31:35',NULL),(29,'Ви',NULL,NULL,'','9995556677',NULL,'1','2023-08-01 13:17:14','2023-08-01 13:17:14',NULL),(30,'Фаиг тест',NULL,NULL,'','9652777722',NULL,'1','2023-08-01 13:43:50','2023-08-01 13:43:50',NULL),(31,'Andrew',NULL,NULL,NULL,'88007005555',NULL,'1','2023-09-21 18:55:18','2023-09-21 18:55:18',1);
/*!40000 ALTER TABLE `requests` ENABLE KEYS */;
UNLOCK TABLES;

--
-- Table structure for table `sessions`
--

DROP TABLE IF EXISTS `sessions`;
/*!40101 SET @saved_cs_client     = @@character_set_client */;
/*!50503 SET character_set_client = utf8mb4 */;
CREATE TABLE `sessions` (
  `id` varchar(255) COLLATE utf8mb4_unicode_ci NOT NULL,
  `user_id` bigint unsigned DEFAULT NULL,
  `ip_address` varchar(45) COLLATE utf8mb4_unicode_ci DEFAULT NULL,
  `user_agent` text COLLATE utf8mb4_unicode_ci,
  `payload` longtext COLLATE utf8mb4_unicode_ci NOT NULL,
  `last_activity` int NOT NULL,
  PRIMARY KEY (`id`),
  KEY `sessions_user_id_index` (`user_id`),
  KEY `sessions_last_activity_index` (`last_activity`)
) ENGINE=InnoDB DEFAULT CHARSET=utf8mb4 COLLATE=utf8mb4_unicode_ci;
/*!40101 SET character_set_client = @saved_cs_client */;

--
-- Dumping data for table `sessions`
--

LOCK TABLES `sessions` WRITE;
/*!40000 ALTER TABLE `sessions` DISABLE KEYS */;
INSERT INTO `sessions` VALUES ('4FbiUvHXoNiPYv65gz6J9sptFngGVTYdWdrBe4FR',NULL,'95.10.6.254','Mozilla/5.0 (Macintosh; Intel Mac OS X 10.15; rv:109.0) Gecko/20100101 Firefox/117.0','YTozOntzOjY6Il90b2tlbiI7czo0MDoiMTBCTFV5UHBOYW40NkdNa3dIY05STWV4ZXQ1V1puT0x5RVcwNGlMVyI7czo5OiJfcHJldmlvdXMiO2E6MTp7czozOiJ1cmwiO3M6Mzg6Imh0dHBzOi8vZGV2Lm9uZS10ZWFtLnByby9jaXR5X2Zyb21fbWFwIjt9czo2OiJfZmxhc2giO2E6Mjp7czozOiJvbGQiO2E6MDp7fXM6MzoibmV3IjthOjA6e319fQ==',1695580362),('53LXJYY9prTZ7qUNzuIS3YEt3cPnGChmpVa2Ky31',NULL,'31.130.151.35','Mozilla/5.0 (Linux; Android 10; K) AppleWebKit/537.36 (KHTML, like Gecko) Chrome/117.0.0.0 Mobile Safari/537.36','YTozOntzOjY6Il90b2tlbiI7czo0MDoiWlJOekxNTk1hUEFpSHlDZE9oTUVrb3FSSUYxNmNGZVFQaDVqc0xUcSI7czo5OiJfcHJldmlvdXMiO2E6MTp7czozOiJ1cmwiO3M6Mzg6Imh0dHBzOi8vZGV2Lm9uZS10ZWFtLnByby9jaXR5X2Zyb21fbWFwIjt9czo2OiJfZmxhc2giO2E6Mjp7czozOiJvbGQiO2E6MDp7fXM6MzoibmV3IjthOjA6e319fQ==',1695579322),('5NkzdbPZejreq3FS7ZwgcpWKn3BHWEJgLdA7CUQX',NULL,'31.130.151.35','Mozilla/5.0 (Linux; Android 10; K) AppleWebKit/537.36 (KHTML, like Gecko) Chrome/117.0.0.0 Mobile Safari/537.36','YTozOntzOjY6Il90b2tlbiI7czo0MDoianZ2aHNPRXlHZlR2MzFOYVdnTEkwU3dYWUQ2bEZvMkpDRHQwMnhIdSI7czo5OiJfcHJldmlvdXMiO2E6MTp7czozOiJ1cmwiO3M6Mzg6Imh0dHBzOi8vZGV2Lm9uZS10ZWFtLnByby9jaXR5X2Zyb21fbWFwIjt9czo2OiJfZmxhc2giO2E6Mjp7czozOiJvbGQiO2E6MDp7fXM6MzoibmV3IjthOjA6e319fQ==',1695579183),('5zDJgJVpETx0zcmVh8RpJUUIkKhByTzmQOiN3xop',NULL,'149.154.161.214','TelegramBot (like TwitterBot)','YTozOntzOjY6Il90b2tlbiI7czo0MDoiWDZ2RDB5dFRLb2xMV2tQMVQzZko4NlpxazdodnJFOFVjWDcxRjIyYyI7czo5OiJfcHJldmlvdXMiO2E6MTp7czozOiJ1cmwiO3M6NDU6Imh0dHBzOi8vZGV2Lm9uZS10ZWFtLnByby9ob3VzZXM/Y291bnRyeV9pZD0xNyI7fXM6NjoiX2ZsYXNoIjthOjI6e3M6Mzoib2xkIjthOjA6e31zOjM6Im5ldyI7YTowOnt9fX0=',1695580066),('8QvvOtfWQqLicqAa93PM4gA6HPWWL0zITj6dd459',NULL,'176.59.56.222','Mozilla/5.0 (Linux; Android 10; K) AppleWebKit/537.36 (KHTML, like Gecko) Chrome/117.0.0.0 Mobile Safari/537.36','YTozOntzOjY6Il90b2tlbiI7czo0MDoiVXlHbjlhcFRkWkpzbFhQTjk4anlkNmVHWEszaUZWckNyNGFMeHpvZiI7czo5OiJfcHJldmlvdXMiO2E6MTp7czozOiJ1cmwiO3M6Mzg6Imh0dHBzOi8vZGV2Lm9uZS10ZWFtLnByby9jaXR5X2Zyb21fbWFwIjt9czo2OiJfZmxhc2giO2E6Mjp7czozOiJvbGQiO2E6MDp7fXM6MzoibmV3IjthOjA6e319fQ==',1695574853),('aIinutZmdj58HqxnzRYtcXyaX9eGRVimRaFs0Wyn',NULL,'213.180.203.37','Mozilla/5.0 (compatible; YandexRenderResourcesBot/1.0; +http://yandex.com/bots) AppleWebKit/537.36 (KHTML, like Gecko) Chrome/108.0.0.0','YTozOntzOjY6Il90b2tlbiI7czo0MDoiaDhlam1XZktDZUNpNlpZanBydWlqQ3pWSWoycGNRNEtUTU5hY1JWUiI7czo5OiJfcHJldmlvdXMiO2E6MTp7czozOiJ1cmwiO3M6Mzg6Imh0dHBzOi8vZGV2Lm9uZS10ZWFtLnByby9jaXR5X2Zyb21fbWFwIjt9czo2OiJfZmxhc2giO2E6Mjp7czozOiJvbGQiO2E6MDp7fXM6MzoibmV3IjthOjA6e319fQ==',1695577257),('BAHcQYVBWhfdJiE9g5D3F4XlfTuYyoBehkoeC2R1',NULL,'213.180.203.203','Mozilla/5.0 (compatible; YandexRenderResourcesBot/1.0; +http://yandex.com/bots) AppleWebKit/537.36 (KHTML, like Gecko) Chrome/108.0.0.0','YTozOntzOjY6Il90b2tlbiI7czo0MDoiN1lyT0RLakJvVFR3NkMwaHhGUWhNSmVVUzhHZWFZVEJxeVNzejdWbSI7czo5OiJfcHJldmlvdXMiO2E6MTp7czozOiJ1cmwiO3M6Mzg6Imh0dHBzOi8vZGV2Lm9uZS10ZWFtLnByby9jaXR5X2Zyb21fbWFwIjt9czo2OiJfZmxhc2giO2E6Mjp7czozOiJvbGQiO2E6MDp7fXM6MzoibmV3IjthOjA6e319fQ==',1695577257),('BR2s1Lu7LhUyhKFTJFGUq9Pmj9uexGdqFWLBOREQ',NULL,'95.108.213.138','Mozilla/5.0 (compatible; YandexRenderResourcesBot/1.0; +http://yandex.com/bots) AppleWebKit/537.36 (KHTML, like Gecko) Chrome/108.0.0.0','YTozOntzOjY6Il90b2tlbiI7czo0MDoiUVVzbE9hUGd1R2ZkYWFaRW5udmIzNzBJaDNncmpPQ3VGcU9yNklKYyI7czo5OiJfcHJldmlvdXMiO2E6MTp7czozOiJ1cmwiO3M6Mzg6Imh0dHBzOi8vZGV2Lm9uZS10ZWFtLnByby9jaXR5X2Zyb21fbWFwIjt9czo2OiJfZmxhc2giO2E6Mjp7czozOiJvbGQiO2E6MDp7fXM6MzoibmV3IjthOjA6e319fQ==',1695577257),('CZP98MbwWbnd5u5nzE4ikMiza1js7DK5fDXWPdrs',NULL,'31.130.151.35','Mozilla/5.0 (Linux; Android 10; K) AppleWebKit/537.36 (KHTML, like Gecko) Chrome/117.0.0.0 Mobile Safari/537.36','YTozOntzOjY6Il90b2tlbiI7czo0MDoieGs0cFdFNFNqRklkS1JOeXpIeDU4M2tIVmVjMllvd2kyeElUWkdUZSI7czo5OiJfcHJldmlvdXMiO2E6MTp7czozOiJ1cmwiO3M6Mzg6Imh0dHBzOi8vZGV2Lm9uZS10ZWFtLnByby9jaXR5X2Zyb21fbWFwIjt9czo2OiJfZmxhc2giO2E6Mjp7czozOiJvbGQiO2E6MDp7fXM6MzoibmV3IjthOjA6e319fQ==',1695579162),('dlrBB5tUSD9veNaIC075Boov3fZmS7kpVN0YFYIt',NULL,'87.250.224.210','Mozilla/5.0 (compatible; YandexBot/3.0; +http://yandex.com/bots) AppleWebKit/537.36 (KHTML, like Gecko) Chrome/108.0.0.0','YTozOntzOjY6Il90b2tlbiI7czo0MDoiT3h3NXl3WTZIcklVSTBwYjNVRmJIakgzeGFLenh6REFpb3VGSDVNOSI7czo5OiJfcHJldmlvdXMiO2E6MTp7czozOiJ1cmwiO3M6MjQ6Imh0dHBzOi8vZGV2Lm9uZS10ZWFtLnBybyI7fXM6NjoiX2ZsYXNoIjthOjI6e3M6Mzoib2xkIjthOjA6e31zOjM6Im5ldyI7YTowOnt9fX0=',1695577471),('EtC6xUIDOOh98GsSb1zHUZtxgoROJOnYhoFym9A6',NULL,'176.59.56.222','Mozilla/5.0 (Linux; Android 10; K) AppleWebKit/537.36 (KHTML, like Gecko) Chrome/117.0.0.0 Mobile Safari/537.36','YTozOntzOjY6Il90b2tlbiI7czo0MDoickZidG9mZXNzMEdCV1ozdXR4c1BHZGRuOXI1eHV6UUpZZE1pUWlYTiI7czo5OiJfcHJldmlvdXMiO2E6MTp7czozOiJ1cmwiO3M6Mzg6Imh0dHBzOi8vZGV2Lm9uZS10ZWFtLnByby9jaXR5X2Zyb21fbWFwIjt9czo2OiJfZmxhc2giO2E6Mjp7czozOiJvbGQiO2E6MDp7fXM6MzoibmV3IjthOjA6e319fQ==',1695574853),('fKxcb69hhRUbDxUfKIzZfhjN9DfFGgliLYTPnp48',NULL,'5.255.231.90','Mozilla/5.0 (compatible; YandexBot/3.0; +http://yandex.com/bots)','YTozOntzOjY6Il90b2tlbiI7czo0MDoicXpuVU1xd1kyNEM4VlBZS3hmZXE4ajJybktyMFE4MjNxWFJYY2R5MiI7czo5OiJfcHJldmlvdXMiO2E6MTp7czozOiJ1cmwiO3M6NDY6Imh0dHBzOi8vZGV2Lm9uZS10ZWFtLnByby9jb3VudHJ5L2NvdW50cnlfaWQ9MTciO31zOjY6Il9mbGFzaCI7YToyOntzOjM6Im9sZCI7YTowOnt9czozOiJuZXciO2E6MDp7fX19',1695577254),('flsV4nfm0ylmA6wAiEzxViTZNNgKnfM1XjbPFUPM',NULL,'31.130.151.35','Mozilla/5.0 (Linux; Android 10; K) AppleWebKit/537.36 (KHTML, like Gecko) Chrome/117.0.0.0 Mobile Safari/537.36','YTozOntzOjY6Il90b2tlbiI7czo0MDoiWjRsamtoWmFVckVLMWY3Tld1Nk1aTXdxOXUzdVoxTUttSTNlaDk5YyI7czo5OiJfcHJldmlvdXMiO2E6MTp7czozOiJ1cmwiO3M6Mzg6Imh0dHBzOi8vZGV2Lm9uZS10ZWFtLnByby9jaXR5X2Zyb21fbWFwIjt9czo2OiJfZmxhc2giO2E6Mjp7czozOiJvbGQiO2E6MDp7fXM6MzoibmV3IjthOjA6e319fQ==',1695579197),('gCc7mrKp4Q5B2rRNOaBgXJRn9kTYBY43rx9wdPLS',1,'176.60.204.244','Mozilla/5.0 (Windows NT 10.0; Win64; x64) AppleWebKit/537.36 (KHTML, like Gecko) Chrome/117.0.0.0 Safari/537.36','YTo0OntzOjY6Il90b2tlbiI7czo0MDoiTFBHRDBqU2hjcjZaUEZxN0paUkNyUTVjaWVJV3czVTFNS0FwYTVlSiI7czo5OiJfcHJldmlvdXMiO2E6MTp7czozOiJ1cmwiO3M6Mzg6Imh0dHBzOi8vZGV2Lm9uZS10ZWFtLnByby9jaXR5X2Zyb21fbWFwIjt9czo2OiJfZmxhc2giO2E6Mjp7czozOiJvbGQiO2E6MDp7fXM6MzoibmV3IjthOjA6e319czo1MDoibG9naW5fd2ViXzU5YmEzNmFkZGMyYjJmOTQwMTU4MGYwMTRjN2Y1OGVhNGUzMDk4OWQiO2k6MTt9',1695575854),('gQfVMrKS30ikp2HEGd2fE5txomvKbe5zU4yeCD7Z',NULL,'213.180.203.44','Mozilla/5.0 (compatible; YandexRenderResourcesBot/1.0; +http://yandex.com/bots) AppleWebKit/537.36 (KHTML, like Gecko) Chrome/108.0.0.0','YTozOntzOjY6Il90b2tlbiI7czo0MDoicWd6N3phWW5NMXBNS1lvaUl5MndlY3dhZWE1ZEo0UzVETkhobkFIVCI7czo5OiJfcHJldmlvdXMiO2E6MTp7czozOiJ1cmwiO3M6Mzg6Imh0dHBzOi8vZGV2Lm9uZS10ZWFtLnByby9jaXR5X2Zyb21fbWFwIjt9czo2OiJfZmxhc2giO2E6Mjp7czozOiJvbGQiO2E6MDp7fXM6MzoibmV3IjthOjA6e319fQ==',1695577257),('KcURBLfwqAKgu2WXQscZJtDj1NX9wjrdtga2iZJW',NULL,'176.59.166.77','Mozilla/5.0 (iPhone; CPU iPhone OS 16_6_1 like Mac OS X) AppleWebKit/605.1.15 (KHTML, like Gecko) Version/16.6 Mobile/15E148 Safari/604.1','YTozOntzOjY6Il90b2tlbiI7czo0MDoiajJGRG9udWNkOGhpcVNBVjV1UldKek5jcEFncXFNM2ZlZVFnT2x4SSI7czo5OiJfcHJldmlvdXMiO2E6MTp7czozOiJ1cmwiO3M6Mzg6Imh0dHBzOi8vZGV2Lm9uZS10ZWFtLnByby9jaXR5X2Zyb21fbWFwIjt9czo2OiJfZmxhc2giO2E6Mjp7czozOiJvbGQiO2E6MDp7fXM6MzoibmV3IjthOjA6e319fQ==',1695577114),('OjZutsuK5B9FCRXp9uCAlxF90oP56N4bxXpv9ogv',NULL,'213.180.203.42','Mozilla/5.0 (compatible; YandexBot/3.0; +http://yandex.com/bots) AppleWebKit/537.36 (KHTML, like Gecko) Chrome/108.0.0.0','YTozOntzOjY6Il90b2tlbiI7czo0MDoiV3o0M0pweGowMVRSRkMzOEkyZGtTeGp5enhycldxVUdpU011RmlZeSI7czo5OiJfcHJldmlvdXMiO2E6MTp7czozOiJ1cmwiO3M6MjQ6Imh0dHBzOi8vZGV2Lm9uZS10ZWFtLnBybyI7fXM6NjoiX2ZsYXNoIjthOjI6e3M6Mzoib2xkIjthOjA6e31zOjM6Im5ldyI7YTowOnt9fX0=',1695577650),('q7BSIyuSZvAC4eOL1yz6FkF7vIS49UDV1r15N2Dy',NULL,'213.180.203.220','Mozilla/5.0 (compatible; YandexBot/3.0; +http://yandex.com/bots) AppleWebKit/537.36 (KHTML, like Gecko) Chrome/108.0.0.0','YTozOntzOjY6Il90b2tlbiI7czo0MDoiUktPOUNHcHJucGdtNzhINmNxd005WUVJWWFNMWdoVzRGaEZ4VXZzayI7czo5OiJfcHJldmlvdXMiO2E6MTp7czozOiJ1cmwiO3M6MjQ6Imh0dHBzOi8vZGV2Lm9uZS10ZWFtLnBybyI7fXM6NjoiX2ZsYXNoIjthOjI6e3M6Mzoib2xkIjthOjA6e31zOjM6Im5ldyI7YTowOnt9fX0=',1695577254),('RZdJ0QUwdoYGAaKGUIQfbECVysniXRsIpCXrygJS',NULL,'195.78.104.244','Mozilla/5.0 (Windows NT 10.0; Win64; x64) AppleWebKit/537.36 (KHTML, like Gecko) Chrome/116.0.0.0 Safari/537.36','YTozOntzOjY6Il90b2tlbiI7czo0MDoiQUQ2QldNMGZkTTFLdFNKcUoyajFyUWo0aG9Yd1FOb2VCdkdJZlNnZSI7czo2OiJfZmxhc2giO2E6Mjp7czozOiJvbGQiO2E6MDp7fXM6MzoibmV3IjthOjA6e319czo5OiJfcHJldmlvdXMiO2E6MTp7czozOiJ1cmwiO3M6Mzg6Imh0dHBzOi8vZGV2Lm9uZS10ZWFtLnByby9jaXR5X2Zyb21fbWFwIjt9fQ==',1695572694),('TKoDPhxheo6e2VsTMED6gr89IZx4pUjruNQHuEfx',NULL,'95.10.6.254','Mozilla/5.0 (Macintosh; Intel Mac OS X 10_15_7) AppleWebKit/537.36 (KHTML, like Gecko) Chrome/116.0.0.0 Safari/537.36','YTozOntzOjY6Il90b2tlbiI7czo0MDoiZUkxRHVHcW5raXNqa29Td1FTWk5QT2Zsek5KaVozT01zZUFad1QxVSI7czo5OiJfcHJldmlvdXMiO2E6MTp7czozOiJ1cmwiO3M6Mzg6Imh0dHBzOi8vZGV2Lm9uZS10ZWFtLnByby9jaXR5X2Zyb21fbWFwIjt9czo2OiJfZmxhc2giO2E6Mjp7czozOiJvbGQiO2E6MDp7fXM6MzoibmV3IjthOjA6e319fQ==',1695579010),('uFwzSfoALCoApKNfzxHDOfd5L13fTAwIHxmZDvnd',NULL,'62.141.68.178','Mozilla/5.0 (Macintosh; Intel Mac OS X 10_15_7) AppleWebKit/537.36 (KHTML, like Gecko) Chrome/114.0.0.0 YaBrowser/23.7.0.2610 Yowser/2.5 Safari/537.36','YTozOntzOjY6Il90b2tlbiI7czo0MDoiOGRHOXlUOTh2VGZPVVFhRDVvemNvbk1aWVRYbDBRc1FwVHF4TmtPRSI7czo5OiJfcHJldmlvdXMiO2E6MTp7czozOiJ1cmwiO3M6Mzg6Imh0dHBzOi8vZGV2Lm9uZS10ZWFtLnByby9jaXR5X2Zyb21fbWFwIjt9czo2OiJfZmxhc2giO2E6Mjp7czozOiJvbGQiO2E6MDp7fXM6MzoibmV3IjthOjA6e319fQ==',1695579485),('VdXhccm6iSbkVLhckcWgxevl10vKJbJxggnhWC7F',NULL,'5.191.114.42','Mozilla/5.0 (Linux; Android 10; K) AppleWebKit/537.36 (KHTML, like Gecko) Chrome/116.0.0.0 Mobile Safari/537.36','YTozOntzOjY6Il90b2tlbiI7czo0MDoiSWVBNERYVVVlQTBKV3JsaGNrVjlBOVM0NlZCWGhmeXpaZ1BacnM2byI7czo5OiJfcHJldmlvdXMiO2E6MTp7czozOiJ1cmwiO3M6MzUxOiJodHRwczovL2ZsYXRzLWluLXR1cmtleS5vbmUtdGVhbS5wcm8vP3V0bV9jYW1wYWlnbj05MDk2NTA0Mi5jb250ZXh0JnV0bV9jb250ZW50PTUyNDM2OTU3MjQuMTQ2MzAyMTgwNzEmdXRtX21lZGl1bT1jcGMmdXRtX3NvdXJjZT15YW5kZXgmdXRtX3Rlcm09JUQwJUJGJUQxJTgwJUQwJUJFJUQwJUI0JUQwJUIwJUQwJUI2JUQwJUIwJTIwJUQwJUJBJUQwJUIyJUQwJUIwJUQxJTgwJUQxJTgyJUQwJUI4JUQxJTgwJTIwJUQwJUIyJTIwJUQxJTgyJUQxJTgzJUQxJTgwJUQxJTg2JUQwJUI4JUQwJUI4JTIwJUQwJUIwJUQwJUJEJUQxJTgyJUQwJUIwJUQwJUJCJUQwJUI4JUQxJThGJnljbGlkPTM5ODE5MDQ0MzY3NTkxNTg3NTQiO31zOjY6Il9mbGFzaCI7YToyOntzOjM6Im9sZCI7YTowOnt9czozOiJuZXciO2E6MDp7fX19',1695577030),('vTiCem4XnqoCM3OwfDwHD9ioiWC56OT3VPeU1u5X',NULL,'62.210.91.188','Mozilla/5.0 (Linux; Android 6.0; Nexus 5 Build/MRA58N) AppleWebKit/537.36 (KHTML, like Gecko) Chrome/116.0.0.0 Mobile Safari/537.36','YTozOntzOjY6Il90b2tlbiI7czo0MDoiSnJwRHRlbzRtY0tLMFdzZVZWMHkzZjMzMXNOMUc1UWFvWkt6RkNlZyI7czo5OiJfcHJldmlvdXMiO2E6MTp7czozOiJ1cmwiO3M6Mzg6Imh0dHBzOi8vZGV2Lm9uZS10ZWFtLnByby9jaXR5X2Zyb21fbWFwIjt9czo2OiJfZmxhc2giO2E6Mjp7czozOiJvbGQiO2E6MDp7fXM6MzoibmV3IjthOjA6e319fQ==',1695579975),('zzNPxg3G2gT0em70i6uB9QBWIUKhpIRoW6JiA3Bi',NULL,'87.250.224.40','Mozilla/5.0 (compatible; YandexBot/3.0; +http://yandex.com/bots)','YTozOntzOjY6Il90b2tlbiI7czo0MDoiQ1drMEFLTHBySjE2UFQ3dDRKMjVMQlU3blNaazZoeGUzTnBVRjV2OCI7czo5OiJfcHJldmlvdXMiO2E6MTp7czozOiJ1cmwiO3M6NDY6Imh0dHBzOi8vZGV2Lm9uZS10ZWFtLnByby9jb3VudHJ5L2NvdW50cnlfaWQ9MTciO31zOjY6Il9mbGFzaCI7YToyOntzOjM6Im9sZCI7YTowOnt9czozOiJuZXciO2E6MDp7fX19',1695577044);
/*!40000 ALTER TABLE `sessions` ENABLE KEYS */;
UNLOCK TABLES;

--
-- Table structure for table `templates`
--

DROP TABLE IF EXISTS `templates`;
/*!40101 SET @saved_cs_client     = @@character_set_client */;
/*!50503 SET character_set_client = utf8mb4 */;
CREATE TABLE `templates` (
  `id` bigint unsigned NOT NULL AUTO_INCREMENT,
  `name` varchar(255) COLLATE utf8mb4_unicode_ci NOT NULL,
  `path` varchar(255) COLLATE utf8mb4_unicode_ci NOT NULL,
  `created_at` timestamp NULL DEFAULT NULL,
  `updated_at` timestamp NULL DEFAULT NULL,
  `token` varchar(255) COLLATE utf8mb4_unicode_ci NOT NULL,
  PRIMARY KEY (`id`),
  UNIQUE KEY `templates_token_unique` (`token`)
) ENGINE=InnoDB AUTO_INCREMENT=4 DEFAULT CHARSET=utf8mb4 COLLATE=utf8mb4_unicode_ci;
/*!40101 SET character_set_client = @saved_cs_client */;

--
-- Dumping data for table `templates`
--

LOCK TABLES `templates` WRITE;
/*!40000 ALTER TABLE `templates` DISABLE KEYS */;
INSERT INTO `templates` VALUES (1,'region','region','2023-08-27 23:52:58','2023-09-05 16:44:20','zygg24hxdq6zza6jt6zcw'),(2,'country','country','2023-08-29 17:16:04','2023-09-05 16:44:30','6ndq4k0w2xcm5dd85vyw9'),(3,'ЖК','complex','2023-09-05 16:44:58','2023-09-05 16:44:58','wskoj6qcrhlzjg241oieq');
/*!40000 ALTER TABLE `templates` ENABLE KEYS */;
UNLOCK TABLES;

--
-- Table structure for table `users`
--

DROP TABLE IF EXISTS `users`;
/*!40101 SET @saved_cs_client     = @@character_set_client */;
/*!50503 SET character_set_client = utf8mb4 */;
CREATE TABLE `users` (
  `id` bigint unsigned NOT NULL AUTO_INCREMENT,
  `name` varchar(255) COLLATE utf8mb4_unicode_ci DEFAULT NULL,
  `email` varchar(255) COLLATE utf8mb4_unicode_ci DEFAULT NULL,
  `password` varchar(255) COLLATE utf8mb4_unicode_ci DEFAULT NULL,
  `role_id` varchar(255) COLLATE utf8mb4_unicode_ci DEFAULT NULL,
  `remember_token` varchar(100) COLLATE utf8mb4_unicode_ci DEFAULT NULL,
  `created_at` timestamp NULL DEFAULT NULL,
  `updated_at` timestamp NULL DEFAULT NULL,
  PRIMARY KEY (`id`)
) ENGINE=InnoDB AUTO_INCREMENT=2 DEFAULT CHARSET=utf8mb4 COLLATE=utf8mb4_unicode_ci;
/*!40101 SET character_set_client = @saved_cs_client */;

--
-- Dumping data for table `users`
--

LOCK TABLES `users` WRITE;
/*!40000 ALTER TABLE `users` DISABLE KEYS */;
INSERT INTO `users` VALUES (1,'Admin','admin@mail.ru','$2y$10$GRKLuj5wSinKpp/Rm/BJVOGyxeYkuk3nMQ50/G.DI71OYuAt1F12q','1',NULL,NULL,NULL);
/*!40000 ALTER TABLE `users` ENABLE KEYS */;
UNLOCK TABLES;

--
-- Table structure for table `vng_and_grjs`
--

DROP TABLE IF EXISTS `vng_and_grjs`;
/*!40101 SET @saved_cs_client     = @@character_set_client */;
/*!50503 SET character_set_client = utf8mb4 */;
CREATE TABLE `vng_and_grjs` (
  `id` bigint unsigned NOT NULL AUTO_INCREMENT,
  `header` varchar(255) COLLATE utf8mb4_unicode_ci DEFAULT NULL,
  `content` longtext CHARACTER SET utf8mb4 COLLATE utf8mb4_bin,
  `content_en` longtext COLLATE utf8mb4_unicode_ci,
  `content_tr` longtext COLLATE utf8mb4_unicode_ci,
  `created_at` timestamp NULL DEFAULT NULL,
  `updated_at` timestamp NULL DEFAULT NULL,
  PRIMARY KEY (`id`),
  CONSTRAINT `vng_and_grjs_chk_1` CHECK (json_valid(`content`))
) ENGINE=InnoDB AUTO_INCREMENT=2 DEFAULT CHARSET=utf8mb4 COLLATE=utf8mb4_unicode_ci;
/*!40101 SET character_set_client = @saved_cs_client */;

--
-- Dumping data for table `vng_and_grjs`
--

LOCK TABLES `vng_and_grjs` WRITE;
/*!40000 ALTER TABLE `vng_and_grjs` DISABLE KEYS */;
INSERT INTO `vng_and_grjs` VALUES (1,NULL,'\"<p>hello world<\\/p>\\r\\n<p>&nbsp;<\\/p>\"','\"<p>en<\\/p>\"','\"<p>tr<\\/p>\\r\\n<p>&nbsp;<\\/p>\"','2023-07-04 08:41:54','2023-07-10 14:12:35');
/*!40000 ALTER TABLE `vng_and_grjs` ENABLE KEYS */;
UNLOCK TABLES;
/*!40103 SET TIME_ZONE=@OLD_TIME_ZONE */;

/*!40101 SET SQL_MODE=@OLD_SQL_MODE */;
/*!40014 SET FOREIGN_KEY_CHECKS=@OLD_FOREIGN_KEY_CHECKS */;
/*!40014 SET UNIQUE_CHECKS=@OLD_UNIQUE_CHECKS */;
/*!40101 SET CHARACTER_SET_CLIENT=@OLD_CHARACTER_SET_CLIENT */;
/*!40101 SET CHARACTER_SET_RESULTS=@OLD_CHARACTER_SET_RESULTS */;
/*!40101 SET COLLATION_CONNECTION=@OLD_COLLATION_CONNECTION */;
/*!40111 SET SQL_NOTES=@OLD_SQL_NOTES */;

-- Dump completed on 2023-09-24 18:35:25
